first_name,last_name,email,gender,ip_address
Jared,Payley,jpayley0@delicious.com,Male,119.254.158.170
Shirlene,Leemans,sleemans1@sbwire.com,Female,
Stacia,Awton,sawton2@lulu.com,Genderfluid,239.10.55.90
Tamqrah,Roeby,troeby3@pagesperso-orange.fr,Female,26.208.12.132
Griffy,McLernon,gmclernon4@simplemachines.org,Male,244.2.20.68
Pincus,Steggals,psteggals5@cisco.com,Male,175.199.130.172
Audrie,Bullivent,abullivent6@angelfire.com,Female,67.66.8.117
Edith,Knowlys,eknowlys7@php.net,Female,211.178.212.115
Lucio,Worgan,lworgan8@un.org,Male,233.46.10.12
Phillida,Danilowicz,pdanilowicz9@qq.com,Female,141.76.49.254
Lydon,Tottie,ltottiea@huffingtonpost.com,Male,232.202.226.9
Derrik,Rugge,druggeb@barnesandnoble.com,Male,
Darrelle,Martt,dmarttc@sina.com.cn,Female,167.189.251.156
Rem,Plumptre,rplumptred@scientificamerican.com,Male,86.2.109.44
Jeno,Tosspell,jtosspelle@cornell.edu,Male,
Phylys,Bogey,pbogeyf@vinaora.com,Female,32.221.184.193
Johan,Whiley,jwhileyg@wsj.com,Male,
Jackquelin,Alvaro,jalvaroh@youtube.com,Female,68.164.179.213
Arch,Farrent,afarrenti@netscape.com,Male,
Garret,Pauletto,gpaulettoj@goo.ne.jp,Male,188.132.117.242
Maggi,Drohun,mdrohunk@shutterfly.com,Female,175.193.17.60
Elisha,Sandwick,esandwickl@cdbaby.com,Male,81.248.78.154
Ludwig,Matityahu,lmatityahum@statcounter.com,Non-binary,
Dolley,Aupol,daupoln@soup.io,Female,2.235.233.63
Shurlocke,Mourton,smourtono@dagondesign.com,Male,160.86.75.154
Bondy,Ferretti,bferrettip@cloudflare.com,Male,150.94.34.236
Blinni,Ferran,bferranq@nationalgeographic.com,Female,99.136.221.141
Mercedes,Proudlock,mproudlockr@ow.ly,Female,229.203.200.159
Fanchon,Janicijevic,fjanicijevics@salon.com,Female,177.233.8.82
Kylie,Masser,kmassert@e-recht24.de,Female,162.123.93.57
Briny,Culver,bculveru@pcworld.com,Female,49.91.51.207
Jamie,Jenton,jjentonv@amazonaws.com,Genderqueer,135.50.221.117
Nat,Crapper,ncrapperw@mozilla.com,Male,192.124.190.192
Jaquenette,Gouldstraw,jgouldstrawx@msn.com,Genderfluid,
Carree,Fillan,cfillany@google.fr,Female,
Debera,Dunlap,ddunlapz@samsung.com,Genderfluid,115.80.144.100
Gris,Ovitts,govitts10@soundcloud.com,Male,0.59.27.55
Joana,Dudeney,jdudeney11@diigo.com,Female,206.211.137.187
Brynna,Jordanson,bjordanson12@1688.com,Female,124.226.47.198
Bary,Gianneschi,bgianneschi13@ebay.com,Male,50.69.30.32
Shalna,Lujan,slujan14@amazon.co.uk,Female,
Grethel,Dicks,gdicks15@tamu.edu,Female,152.136.33.206
Cherish,Oggers,coggers16@hugedomains.com,Female,137.225.52.2
Pierre,Aitken,paitken17@dagondesign.com,Male,
Urban,Loram,uloram18@posterous.com,Male,
Raimund,Ladloe,rladloe19@china.com.cn,Male,
Jonis,Brigden,jbrigden1a@sphinn.com,Female,
Stormy,Gregoraci,sgregoraci1b@economist.com,Female,
Martyn,Margerison,mmargerison1c@theguardian.com,Male,91.217.80.29
Forest,Ealden,fealden1d@reference.com,Male,193.219.41.9
Roderick,Quipp,rquipp1e@businessweek.com,Male,126.207.85.117
Drona,Allridge,dallridge1f@pinterest.com,Female,
Frederik,Adger,fadger1g@loc.gov,Male,74.13.70.62
Codie,Frere,cfrere1h@hugedomains.com,Male,1.38.43.227
Xerxes,Denidge,xdenidge1i@cloudflare.com,Polygender,213.155.113.108
Welby,Gerrill,wgerrill1j@ft.com,Male,134.94.160.148
Ursola,Parkin,uparkin1k@infoseek.co.jp,Female,69.91.67.124
Windy,Casali,wcasali1l@irs.gov,Female,15.87.134.106
Vanda,Smeed,vsmeed1m@telegraph.co.uk,Female,96.188.123.27
Dud,Espinos,despinos1n@statcounter.com,Male,
Gerek,Duckerin,gduckerin1o@artisteer.com,Male,109.169.201.173
Samantha,Chaston,schaston1p@smh.com.au,Genderqueer,
Erwin,Nawton,enawton1q@shareasale.com,Male,243.133.232.131
Jenine,Izhakov,jizhakov1r@pagesperso-orange.fr,Female,82.119.107.39
Melosa,Howford,mhowford1s@rediff.com,Polygender,114.210.107.15
Ole,Blight,oblight1t@livejournal.com,Non-binary,75.39.12.124
Florian,Beilby,fbeilby1u@sun.com,Male,174.135.86.95
Alden,Di Giorgio,adigiorgio1v@dion.ne.jp,Male,169.156.209.134
Fraser,Thake,fthake1w@lulu.com,Male,
Ted,Riehm,triehm1x@house.gov,Female,137.216.157.159
Merissa,Pawle,mpawle1y@bravesites.com,Female,196.88.161.99
Sosanna,Linne,slinne1z@people.com.cn,Female,28.78.128.173
Amalita,Fake,afake20@eepurl.com,Female,
Van,Rubinsaft,vrubinsaft21@toplist.cz,Male,77.249.203.0
Susann,Miere,smiere22@google.co.jp,Female,74.78.46.246
Bernie,Stockney,bstockney23@elegantthemes.com,Female,
Clayborne,McLeese,cmcleese24@imgur.com,Male,138.97.254.117
Tomaso,Pothbury,tpothbury25@barnesandnoble.com,Male,13.220.102.143
Emmie,Le Barr,elebarr26@cam.ac.uk,Female,177.17.91.196
Ardene,Zoane,azoane27@eepurl.com,Female,226.244.16.10
Hamlin,Marchington,hmarchington28@illinois.edu,Male,119.142.125.121
Clareta,McCullock,cmccullock29@bloomberg.com,Female,2.13.143.225
Rex,Sapena,rsapena2a@addtoany.com,Male,
Bertram,Draisey,bdraisey2b@rediff.com,Male,
Rolph,Philpotts,rphilpotts2c@parallels.com,Male,
Halsy,Tring,htring2d@free.fr,Male,48.70.175.213
Erastus,Riha,eriha2e@vimeo.com,Male,115.163.244.221
Yalonda,Commuzzo,ycommuzzo2f@multiply.com,Genderqueer,222.164.36.77
Florencia,Voase,fvoase2g@spotify.com,Bigender,36.20.214.48
Lanny,Bonicelli,lbonicelli2h@uol.com.br,Male,203.198.54.102
Luis,Ruprich,lruprich2i@amazon.co.jp,Male,90.111.118.192
Paule,Szymanski,pszymanski2j@answers.com,Female,129.41.71.117
Ingeberg,Tewkesberrie,itewkesberrie2k@cbsnews.com,Female,154.55.185.106
Fred,Stollen,fstollen2l@webs.com,Female,73.123.126.103
Blair,Sabate,bsabate2m@rediff.com,Male,160.182.10.80
Dasi,Breydin,dbreydin2n@indiatimes.com,Female,
Willy,Stearns,wstearns2o@elegantthemes.com,Male,219.250.200.175
Marice,McCrorie,mmccrorie2p@fotki.com,Female,41.137.226.42
Claire,Housegoe,chousegoe2q@google.co.jp,Female,202.88.88.178
Lucais,MacDonagh,lmacdonagh2r@army.mil,Male,251.17.254.192
Natale,Cains,ncains2s@ezinearticles.com,Male,188.26.166.5
Ronny,Flockhart,rflockhart2t@topsy.com,Female,
Casar,Diggar,cdiggar2u@ftc.gov,Male,226.249.108.153
Alvis,Gadsden,agadsden2v@seattletimes.com,Polygender,177.101.19.113
Gloriane,Spering,gspering2w@umich.edu,Genderfluid,192.35.163.113
Cornelle,Dannett,cdannett2x@adobe.com,Female,73.96.152.115
Elliot,Stroyan,estroyan2y@bing.com,Male,
Luella,Gogarty,lgogarty2z@techcrunch.com,Female,146.166.120.13
Adamo,Whittingham,awhittingham30@printfriendly.com,Male,98.228.9.160
Antoine,Linscott,alinscott31@vistaprint.com,Genderqueer,216.205.65.91
Nerta,Kershow,nkershow32@tuttocitta.it,Female,120.141.63.103
Lynette,Ravilious,lravilious33@google.com.br,Female,67.137.165.135
Grata,Iori,giori34@toplist.cz,Female,56.7.36.175
Noland,Deroche,nderoche35@biblegateway.com,Male,
Olav,Suche,osuche36@studiopress.com,Male,68.92.2.133
Theodoric,Overlow,toverlow37@guardian.co.uk,Male,11.199.99.94
Rinaldo,Gush,rgush38@adobe.com,Male,202.99.100.32
Normie,Tullot,ntullot39@cbc.ca,Male,
Fabio,Durtnal,fdurtnal3a@amazon.com,Male,154.18.24.104
Benedict,Jeynes,bjeynes3b@earthlink.net,Male,46.175.84.215
West,Prinett,wprinett3c@latimes.com,Male,191.100.214.173
Kalil,Vobes,kvobes3d@spotify.com,Male,51.104.192.80
Alex,de Merida,ademerida3e@blogspot.com,Male,
Arne,Grannell,agrannell3f@vinaora.com,Male,235.116.63.52
Calvin,Longhirst,clonghirst3g@earthlink.net,Male,113.26.91.128
Nico,Vergine,nvergine3h@wired.com,Male,131.29.175.201
Martina,Boxill,mboxill3i@goo.gl,Female,
Mariam,Emanuele,memanuele3j@who.int,Non-binary,146.93.240.121
Jan,Ramelet,jramelet3k@nsw.gov.au,Male,75.15.133.122
Jeremiah,Ashmole,jashmole3l@google.co.jp,Male,37.61.193.233
Webb,Altree,waltree3m@xinhuanet.com,Male,245.121.211.221
Brannon,Butterfill,bbutterfill3n@imgur.com,Agender,35.31.89.124
Sophey,Fidele,sfidele3o@mysql.com,Female,
Lockwood,Realff,lrealff3p@gov.uk,Male,248.60.245.81
Alric,Wenman,awenman3q@arstechnica.com,Male,165.222.0.61
Lennard,Knapman,lknapman3r@geocities.com,Male,199.113.194.152
Paul,Stading,pstading3s@csmonitor.com,Male,
Camey,Cottell,ccottell3t@berkeley.edu,Male,
Brit,Lukovic,blukovic3u@taobao.com,Female,116.88.113.19
Kylie,Jillis,kjillis3v@foxnews.com,Male,49.81.50.244
Fredia,Gillum,fgillum3w@tiny.cc,Female,87.2.154.228
Thatcher,Gustus,tgustus3x@mail.ru,Male,
Uta,Gadeaux,ugadeaux3y@hc360.com,Female,51.138.78.112
Loreen,de Clerc,ldeclerc3z@hubpages.com,Female,68.151.235.177
Pepito,Oleszkiewicz,poleszkiewicz40@histats.com,Male,207.169.71.69
Kiersten,Wudeland,kwudeland41@godaddy.com,Female,
Darby,Willoway,dwilloway42@privacy.gov.au,Male,101.232.154.196
Devin,Fallen,dfallen43@slashdot.org,Bigender,132.12.104.4
Tyne,Skune,tskune44@webeden.co.uk,Female,48.112.163.85
Vidovic,Stoffel,vstoffel45@ovh.net,Male,238.247.30.22
Uriel,Temprell,utemprell46@cyberchimps.com,Male,
Chet,Stogill,cstogill47@amazon.co.jp,Male,27.106.205.19
Spike,Warboys,swarboys48@mashable.com,Male,131.161.2.154
Johny,Bamford,jbamford49@desdev.cn,Male,232.244.65.233
Daryn,Spilsburie,dspilsburie4a@wiley.com,Female,122.179.26.152
Vikki,Lorenzetto,vlorenzetto4b@mayoclinic.com,Female,
Suellen,Corton,scorton4c@nsw.gov.au,Female,
Bridie,Husher,bhusher4d@europa.eu,Female,
Norris,Gower,ngower4e@de.vu,Male,
Shay,Knee,sknee4f@sfgate.com,Male,7.59.67.85
Berne,Biermatowicz,bbiermatowicz4g@soup.io,Male,138.101.247.45
Berk,Whitley,bwhitley4h@phpbb.com,Male,158.240.214.100
Kirbie,Dundridge,kdundridge4i@unicef.org,Female,2.225.174.192
Reynard,Pike,rpike4j@arstechnica.com,Male,253.39.37.51
Nananne,Dobkin,ndobkin4k@paginegialle.it,Female,92.63.162.178
Baxie,Laurie,blaurie4l@github.com,Male,40.37.253.133
Francene,Killeen,fkilleen4m@usnews.com,Female,103.151.27.37
Jordana,Strete,jstrete4n@hao123.com,Female,235.39.195.70
Sherm,Shearer,sshearer4o@rediff.com,Male,143.239.166.78
Mia,McLise,mmclise4p@washingtonpost.com,Female,76.94.198.56
Angel,Gabbitus,agabbitus4q@etsy.com,Male,62.6.239.232
Faith,McCullough,fmccullough4r@list-manage.com,Female,67.173.242.8
Katinka,Ceschi,kceschi4s@joomla.org,Female,240.121.252.50
Aleda,Hatto,ahatto4t@huffingtonpost.com,Female,166.9.206.44
Mae,Berthelet,mberthelet4u@independent.co.uk,Female,163.141.12.196
Goddard,Woloschin,gwoloschin4v@shareasale.com,Male,245.158.79.41
Charyl,Westover,cwestover4w@istockphoto.com,Female,196.212.30.62
Rona,Tunnock,rtunnock4x@1und1.de,Female,
Chlo,Gossan,cgossan4y@abc.net.au,Female,70.0.200.230
Ulrikaumeko,Garrud,ugarrud4z@squarespace.com,Female,200.192.185.163
Dorella,Storrs,dstorrs50@foxnews.com,Female,
Emmott,Yeoland,eyeoland51@icio.us,Male,
Madeline,Silverthorn,msilverthorn52@who.int,Female,190.33.139.92
Camille,Cudd,ccudd53@patch.com,Polygender,32.109.112.150
Theodoric,Wybron,twybron54@sbwire.com,Male,245.164.101.236
Avrit,Duckering,aduckering55@i2i.jp,Female,
Marietta,Sharville,msharville56@wikispaces.com,Male,124.159.33.236
Wilbur,Cluney,wcluney57@va.gov,Male,220.76.83.135
Gage,Crotty,gcrotty58@nasa.gov,Male,
Alleen,Casassa,acasassa59@howstuffworks.com,Female,180.55.207.51
Zelda,Perl,zperl5a@homestead.com,Female,
Rani,Meffan,rmeffan5b@godaddy.com,Female,54.35.215.123
Dix,Vickars,dvickars5c@who.int,Female,48.100.83.102
Mikel,Sancho,msancho5d@nsw.gov.au,Male,191.11.124.28
Charyl,Pinckney,cpinckney5e@people.com.cn,Female,170.78.108.249
Giraldo,Faier,gfaier5f@mail.ru,Male,179.228.46.192
Raynor,Aimer,raimer5g@myspace.com,Male,21.189.80.233
Jaimie,Aaron,jaaron5h@bluehost.com,Genderqueer,70.181.94.0
Nananne,Cockshot,ncockshot5i@paginegialle.it,Female,35.194.220.39
Caitrin,Pechold,cpechold5j@360.cn,Female,
Petronia,Deboick,pdeboick5k@cbslocal.com,Female,13.234.70.225
Susette,Alabaster,salabaster5l@amazon.co.jp,Female,179.97.239.174
Gayla,Paslow,gpaslow5m@miibeian.gov.cn,Female,144.25.2.66
June,Glassard,jglassard5n@epa.gov,Female,251.81.68.35
Sanders,Dorcey,sdorcey5o@hexun.com,Male,232.89.155.149
Rabbi,Mogg,rmogg5p@weibo.com,Male,241.168.186.64
Tiffi,Fullerlove,tfullerlove5q@pcworld.com,Female,236.224.67.235
Haze,Nucator,hnucator5r@rediff.com,Male,12.252.91.56
Russ,Sainsbury-Brown,rsainsburybrown5s@i2i.jp,Male,91.255.248.11
Ranice,Blondelle,rblondelle5t@domainmarket.com,Female,
Kaile,Spencook,kspencook5u@ihg.com,Female,196.58.157.135
Crosby,Darmody,cdarmody5v@biblegateway.com,Male,77.47.6.162
Alwin,Micallef,amicallef5w@free.fr,Male,203.165.31.179
Brenna,Broadberrie,bbroadberrie5x@e-recht24.de,Female,60.167.154.68
Early,Mico,emico5y@tripadvisor.com,Male,113.109.194.27
Kessia,Dabner,kdabner5z@google.pl,Female,54.208.170.49
Pansie,Godmar,pgodmar60@google.de,Female,87.225.239.169
Tobey,Butterfint,tbutterfint61@reference.com,Female,
Cyndi,Wyllcock,cwyllcock62@oaic.gov.au,Female,37.1.163.52
Husain,Harbar,hharbar63@indiatimes.com,Male,76.86.5.240
Aleen,Coyett,acoyett64@weather.com,Female,28.98.31.18
Casey,Iohananof,ciohananof65@paypal.com,Male,142.45.25.48
Terrijo,Simonnin,tsimonnin66@51.la,Female,
Read,Wyer,rwyer67@ustream.tv,Male,
Cecilio,Ferby,cferby68@stumbleupon.com,Male,153.65.221.148
Meridel,Brownlea,mbrownlea69@hao123.com,Female,216.173.255.0
Bail,Kedwell,bkedwell6a@imgur.com,Male,6.167.76.161
Brooks,Melchior,bmelchior6b@geocities.jp,Male,144.252.70.53
Rozella,Porch,rporch6c@mayoclinic.com,Female,165.5.71.84
Coriss,Barns,cbarns6d@ed.gov,Female,
Corry,Tynewell,ctynewell6e@live.com,Female,200.12.133.167
Fraze,Kennedy,fkennedy6f@bravesites.com,Male,25.242.63.183
Simon,Martynov,smartynov6g@tuttocitta.it,Male,
Enos,Hulmes,ehulmes6h@loc.gov,Male,252.59.123.134
Deeyn,Heimann,dheimann6i@sitemeter.com,Genderfluid,122.241.185.246
Avivah,Lillico,alillico6j@diigo.com,Female,63.49.17.111
Kylen,Eicke,keicke6k@i2i.jp,Female,131.156.47.220
Gayle,Laterza,glaterza6l@slashdot.org,Male,183.17.72.8
Flemming,Housiaux,fhousiaux6m@opera.com,Male,197.238.217.211
Robbie,Bortoloni,rbortoloni6n@google.ru,Male,75.29.8.179
Seymour,Readmire,sreadmire6o@nationalgeographic.com,Male,94.241.143.190
Arlan,Cozens,acozens6p@yellowbook.com,Male,8.95.230.250
Timofei,Polgreen,tpolgreen6q@utexas.edu,Male,
Trula,Boteman,tboteman6r@mozilla.org,Female,
Waylon,Westoff,wwestoff6s@ehow.com,Polygender,
Chrissy,Dummett,cdummett6t@behance.net,Male,173.182.204.241
Franz,Wybrew,fwybrew6u@woothemes.com,Male,
Wynn,Charer,wcharer6v@google.it,Female,25.130.99.239
Korey,Giorgi,kgiorgi6w@seattletimes.com,Male,
Farlay,Freak,ffreak6x@buzzfeed.com,Male,187.200.195.5
Rafaelia,Burland,rburland6y@ehow.com,Female,171.201.166.194
Saxe,Pendry,spendry6z@google.pl,Male,165.124.39.192
Ashlee,Eglese,aeglese70@netlog.com,Female,
Prisca,Gehrels,pgehrels71@acquirethisname.com,Genderfluid,69.105.255.82
Audrye,Domnin,adomnin72@dot.gov,Female,216.118.86.105
Amery,Folbigg,afolbigg73@printfriendly.com,Male,238.22.129.78
Valery,Bellelli,vbellelli74@yandex.ru,Genderqueer,153.29.86.192
Alfons,Parkyn,aparkyn75@cornell.edu,Male,250.241.228.241
Cassie,Quinion,cquinion76@webmd.com,Agender,236.228.102.66
Viola,Edgerly,vedgerly77@baidu.com,Female,205.106.35.171
Garreth,Questier,gquestier78@europa.eu,Male,153.70.181.106
Kamila,Oleszczak,koleszczak79@google.com.hk,Female,
Trumann,Wasselin,twasselin7a@wikimedia.org,Male,168.149.15.42
Shelba,Manilove,smanilove7b@networksolutions.com,Female,125.62.249.183
Evaleen,Battrick,ebattrick7c@house.gov,Female,7.99.44.40
Torrence,Farrens,tfarrens7d@ocn.ne.jp,Male,
Chickie,Magenny,cmagenny7e@youtube.com,Male,
Sherilyn,Durman,sdurman7f@nymag.com,Female,135.175.74.47
Crystie,Simionescu,csimionescu7g@economist.com,Female,205.172.83.140
Richard,Frid,rfrid7h@kickstarter.com,Male,150.255.51.251
Cheston,Houseley,chouseley7i@typepad.com,Male,116.243.9.11
Blondie,Philott,bphilott7j@creativecommons.org,Female,8.211.165.81
Gizela,Kitcherside,gkitcherside7k@rambler.ru,Female,86.44.71.172
Jed,Croft,jcroft7l@skype.com,Male,160.73.94.191
Em,Wessel,ewessel7m@photobucket.com,Female,230.59.107.127
Tracie,Hightown,thightown7n@statcounter.com,Male,8.130.146.226
Scot,Boarleyson,sboarleyson7o@1688.com,Male,124.108.206.62
Oswald,Rennick,orennick7p@bloglines.com,Male,80.235.85.50
Iggy,Cornborough,icornborough7q@google.com.br,Male,
Miltie,Espley,mespley7r@geocities.jp,Male,203.7.105.163
Melba,Floris,mfloris7s@wiley.com,Non-binary,128.158.136.236
Kyle,Kalinsky,kkalinsky7t@fastcompany.com,Non-binary,245.244.140.152
Loralyn,Dungey,ldungey7u@jigsy.com,Female,97.100.237.109
Barnebas,Fogg,bfogg7v@yellowbook.com,Male,123.26.170.193
Denys,Larrett,dlarrett7w@google.com.br,Female,181.177.121.229
Irma,Dourin,idourin7x@gmpg.org,Female,159.226.153.140
Addi,Tunno,atunno7y@i2i.jp,Female,
Yvor,Fifoot,yfifoot7z@miitbeian.gov.cn,Male,5.109.176.73
Myranda,Bew,mbew80@mapy.cz,Female,113.149.99.214
Kenton,Soonhouse,ksoonhouse81@narod.ru,Male,96.174.194.170
Cassius,Wedgwood,cwedgwood82@mtv.com,Male,149.164.88.173
Rona,Heathcoat,rheathcoat83@hibu.com,Female,
Fairlie,Kumaar,fkumaar84@nydailynews.com,Male,70.42.188.220
Hymie,Geldeard,hgeldeard85@vinaora.com,Male,215.169.20.35
Marybelle,Canti,mcanti86@artisteer.com,Female,1.175.250.151
Gussi,Brocking,gbrocking87@purevolume.com,Female,179.11.18.254
Darren,Prendergrass,dprendergrass88@elegantthemes.com,Male,78.150.53.199
Eliza,Gribbins,egribbins89@umich.edu,Female,
Forster,Carrodus,fcarrodus8a@webeden.co.uk,Male,86.32.122.87
Gail,Serjent,gserjent8b@ehow.com,Female,48.227.216.179
Valle,Boyn,vboyn8c@godaddy.com,Male,147.179.221.36
Marja,Roth,mroth8d@statcounter.com,Genderfluid,189.58.10.107
Glynnis,Kleinber,gkleinber8e@hhs.gov,Female,
Sarina,Andrus,sandrus8f@dell.com,Female,112.159.11.119
Kathryne,Broodes,kbroodes8g@geocities.jp,Female,90.230.186.95
Ailbert,Brunskill,abrunskill8h@a8.net,Male,179.109.231.30
Major,Jerrome,mjerrome8i@vistaprint.com,Male,
Cherida,Cowperthwaite,ccowperthwaite8j@wp.com,Female,48.93.8.158
Karleen,Rivett,krivett8k@gnu.org,Female,4.9.123.125
Rhea,Brunskill,rbrunskill8l@bloglines.com,Female,31.107.182.2
Aldin,Saxby,asaxby8m@apache.org,Male,
Berenice,Chucks,bchucks8n@skype.com,Female,
Hettie,Konerding,hkonerding8o@wp.com,Female,18.189.153.6
Lindy,Casson,lcasson8p@acquirethisname.com,Female,128.173.200.199
Aileen,Mumby,amumby8q@wordpress.org,Female,
Stan,Waterman,swaterman8r@umn.edu,Male,210.73.212.228
Rafael,MacCole,rmaccole8s@businesswire.com,Male,
Penrod,Aron,paron8t@reverbnation.com,Male,189.239.163.242
Tremain,Purdey,tpurdey8u@forbes.com,Male,72.66.164.1
Dalis,Ramsted,dramsted8v@goodreads.com,Male,
Saundra,Healy,shealy8w@alibaba.com,Male,
Egor,Towner,etowner8x@adobe.com,Male,1.74.237.90
Gelya,Jersch,gjersch8y@163.com,Female,
Tallulah,Rodson,trodson8z@studiopress.com,Female,
Tomasina,Verrell,tverrell90@feedburner.com,Female,
Wynne,Valentine,wvalentine91@ftc.gov,Female,41.50.133.117
Leoine,Codeman,lcodeman92@theguardian.com,Female,210.11.67.95
Sanders,Landreth,slandreth93@theglobeandmail.com,Male,244.46.182.15
Georgy,Kyncl,gkyncl94@time.com,Genderfluid,156.38.95.19
Emmie,Sorrie,esorrie95@so-net.ne.jp,Female,225.202.22.208
Jasmina,Woodhead,jwoodhead96@ucla.edu,Genderfluid,63.223.5.94
Corney,Rosina,crosina97@bandcamp.com,Male,29.107.31.12
Harlan,McParlin,hmcparlin98@zimbio.com,Male,
Maritsa,Filipchikov,mfilipchikov99@bloglovin.com,Female,22.147.236.182
Sigrid,Fashion,sfashion9a@is.gd,Female,70.91.58.4
Brit,Auten,bauten9b@ucla.edu,Female,133.9.140.242
Barth,Dielhenn,bdielhenn9c@omniture.com,Male,61.30.54.204
Sarah,Westcot,swestcot9d@simplemachines.org,Female,
Rosalia,Greeding,rgreeding9e@bbb.org,Female,128.76.12.103
Bette,Davidou,bdavidou9f@chicagotribune.com,Female,254.126.100.32
Bevon,Beney,bbeney9g@amazonaws.com,Male,
Marika,Yockley,myockley9h@businesswire.com,Female,42.126.36.135
Stirling,Burdfield,sburdfield9i@reverbnation.com,Male,92.38.184.88
Bartholemy,Biasetti,bbiasetti9j@aboutads.info,Male,207.98.10.146
Haven,Lewton,hlewton9k@independent.co.uk,Male,47.32.166.121
Oren,Schimmang,oschimmang9l@marriott.com,Male,177.81.50.41
Henriette,Hanselmann,hhanselmann9m@fema.gov,Female,
Taffy,Dunmore,tdunmore9n@stanford.edu,Female,
Melodie,Cranny,mcranny9o@ucoz.ru,Female,
Maddie,Fouch,mfouch9p@geocities.com,Male,167.201.127.211
Jerrie,Guyton,jguyton9q@bluehost.com,Female,96.111.242.49
Bobine,Riceards,briceards9r@home.pl,Agender,18.44.176.55
Aurlie,Shadwick,ashadwick9s@nydailynews.com,Genderqueer,141.248.180.227
Brandy,Ventum,bventum9t@networkadvertising.org,Female,240.102.242.246
Dolph,ducarme,dducarme9u@hatena.ne.jp,Male,
Cortie,Hastler,chastler9v@examiner.com,Genderqueer,215.129.107.109
Kattie,Meachan,kmeachan9w@addtoany.com,Female,150.127.13.11
Nester,Tungay,ntungay9x@stumbleupon.com,Male,5.217.59.109
Jamesy,Bensen,jbensen9y@twitter.com,Male,129.166.114.63
Margaretha,Cokayne,mcokayne9z@paypal.com,Female,
Giraud,Kydd,gkydda0@taobao.com,Male,
Anabal,Aireton,aairetona1@java.com,Female,34.84.157.60
Bud,Simonich,bsimonicha2@google.com.au,Male,
Stuart,Tethcote,stethcotea3@marriott.com,Male,15.188.9.105
Graig,Moorey,gmooreya4@china.com.cn,Male,22.198.96.30
Powell,Killock,pkillocka5@merriam-webster.com,Male,117.179.161.16
Chlo,Crisp,ccrispa6@marketwatch.com,Female,
Nita,Avey,naveya7@google.fr,Female,101.10.241.2
Tripp,MacGinlay,tmacginlaya8@earthlink.net,Male,203.123.116.154
Corrinne,Stollenberg,cstollenberga9@scientificamerican.com,Female,176.198.110.208
Sandi,Peppin,speppinaa@baidu.com,Female,66.176.195.95
Hollis,Nacci,hnacciab@deliciousdays.com,Polygender,254.131.120.146
Randell,Emsley,remsleyac@last.fm,Male,185.36.211.44
Alfonso,Terbrug,aterbrugad@shareasale.com,Male,129.237.31.245
Ludvig,Seymer,lseymerae@oakley.com,Male,252.235.218.236
Sharon,Venditti,svendittiaf@xrea.com,Female,56.74.181.10
Nikoletta,Quadling,nquadlingag@upenn.edu,Female,75.152.166.184
Taylor,Impy,timpyah@kickstarter.com,Male,61.104.223.225
Rosalynd,Ruskin,rruskinai@yandex.ru,Female,75.79.119.182
Patrice,James,pjamesaj@imgur.com,Male,246.214.198.177
Clair,Traut,ctrautak@people.com.cn,Male,27.249.9.65
Maritsa,Fosh,mfoshal@liveinternet.ru,Female,255.55.16.71
Laryssa,Wands,lwandsam@merriam-webster.com,Female,
Gino,McIllroy,gmcillroyan@seattletimes.com,Male,
Joane,O'Crowley,jocrowleyao@harvard.edu,Genderfluid,58.22.202.111
Antonin,Johanning,ajohanningap@tamu.edu,Male,37.175.201.121
Rriocard,Umpleby,rumplebyaq@typepad.com,Male,174.15.105.185
Cecilio,Polley,cpolleyar@uiuc.edu,Male,113.33.136.115
Freddie,Kubelka,fkubelkaas@accuweather.com,Agender,116.254.92.192
Harmonie,Geroldi,hgeroldiat@unesco.org,Female,43.205.229.186
Josias,Trewin,jtrewinau@thetimes.co.uk,Male,94.44.136.99
Ursuline,Braunlein,ubraunleinav@alibaba.com,Female,217.181.142.99
Wilone,Bangle,wbangleaw@google.de,Female,233.137.45.126
Reinwald,Lavin,rlavinax@rediff.com,Male,154.76.169.128
Pieter,Blakeway,pblakewayay@privacy.gov.au,Male,106.119.205.145
Courtney,Rimer,crimeraz@skype.com,Female,171.157.88.226
Colver,Bryers,cbryersb0@sciencedaily.com,Male,
Roxi,Ewers,rewersb1@technorati.com,Female,
Auroora,Andrivel,aandrivelb2@1und1.de,Female,186.171.247.44
Isaak,Flegg,ifleggb3@taobao.com,Male,21.13.18.70
Norton,Chidley,nchidleyb4@accuweather.com,Male,
Janetta,Brower,jbrowerb5@a8.net,Polygender,
Thorin,Guillon,tguillonb6@google.it,Male,
Earle,Bonelle,ebonelleb7@google.co.jp,Male,2.163.172.69
Carlo,Collidge,ccollidgeb8@nba.com,Male,126.159.131.226
Gertrude,Bowater,gbowaterb9@lycos.com,Female,54.213.248.167
Ruperta,Matonin,rmatoninba@comsenz.com,Female,223.105.44.235
Elwira,Life,elifebb@mit.edu,Female,
Stan,Amy,samybc@vistaprint.com,Male,31.132.196.47
Alec,Bartoshevich,abartoshevichbd@mediafire.com,Male,158.174.159.17
Curry,Blackster,cblacksterbe@tuttocitta.it,Male,112.55.151.183
Chandler,Phettiplace,cphettiplacebf@4shared.com,Male,215.32.15.95
Joelly,McKniely,jmcknielybg@sitemeter.com,Female,97.165.173.199
Silvio,Adamsson,sadamssonbh@storify.com,Male,
Grace,Igounet,gigounetbi@xing.com,Male,205.69.243.82
Towny,Delatour,tdelatourbj@si.edu,Male,138.75.212.138
Harlene,Marchbank,hmarchbankbk@a8.net,Female,
Corly,McKirton,cmckirtonbl@ifeng.com,Female,75.124.237.7
Dido,Liversidge,dliversidgebm@meetup.com,Bigender,138.50.173.143
Way,Milington,wmilingtonbn@elpais.com,Male,210.102.59.183
Conny,Cristoforo,ccristoforobo@behance.net,Male,178.197.220.246
Crystal,Asbrey,casbreybp@dailymotion.com,Female,
Meris,Raigatt,mraigattbq@t.co,Female,183.135.127.127
Godard,Noyes,gnoyesbr@privacy.gov.au,Male,53.89.39.73
Cate,MacAllester,cmacallesterbs@businesswire.com,Female,240.67.126.139
Evey,Livock,elivockbt@msu.edu,Female,208.111.126.25
Clemmy,Kenneford,ckennefordbu@google.com.br,Male,187.39.148.244
Craggy,Rizon,crizonbv@addthis.com,Male,131.212.139.85
Arty,Lockier,alockierbw@hud.gov,Male,206.151.174.151
Cortney,Coronas,ccoronasbx@apple.com,Female,226.50.172.65
Uriah,Houtby,uhoutbyby@bigcartel.com,Male,
Geraldine,McGillivrie,gmcgillivriebz@macromedia.com,Female,170.90.179.128
Daryn,Pavy,dpavyc0@cafepress.com,Female,191.111.89.37
Kingston,MacConnal,kmacconnalc1@walmart.com,Male,6.127.38.240
Ossie,Rhodef,orhodefc2@apache.org,Male,194.1.115.218
Ame,Dearnly,adearnlyc3@gmpg.org,Female,254.215.81.38
Ethe,Althorpe,ealthorpec4@loc.gov,Male,104.192.90.246
Ailee,Bardwell,abardwellc5@walmart.com,Female,133.210.176.58
Peyton,Jeeks,pjeeksc6@cnn.com,Male,86.199.98.237
Danna,Caren,dcarenc7@patch.com,Female,
Gavra,Yude,gyudec8@bbc.co.uk,Female,47.209.85.68
Iain,Busk,ibuskc9@parallels.com,Male,59.249.30.237
Francesco,Coltart,fcoltartca@umich.edu,Male,18.117.176.32
Buddie,Oakwood,boakwoodcb@desdev.cn,Male,147.17.17.240
Vivia,Ravel,vravelcc@dropbox.com,Female,205.13.168.158
Melva,Croisier,mcroisiercd@telegraph.co.uk,Female,
Kellyann,Loveless,klovelessce@ibm.com,Female,196.142.136.231
Reinhard,Sottell,rsottellcf@indiegogo.com,Male,64.142.255.246
Marcel,Murricanes,mmurricanescg@aboutads.info,Male,127.85.176.227
Hazel,Chattock,hchattockch@loc.gov,Male,
Leonidas,Hutchin,lhutchinci@sohu.com,Male,93.209.211.27
Nariko,Bould,nbouldcj@flickr.com,Female,91.79.180.33
Dorella,Coleman,dcolemanck@delicious.com,Female,113.19.145.28
Mikey,Aberkirder,maberkirdercl@typepad.com,Male,89.169.60.72
Dorris,Taillard,dtaillardcm@noaa.gov,Genderqueer,190.254.6.53
Gianni,Dwyer,gdwyercn@berkeley.edu,Male,251.141.201.207
Niki,Hefford,nheffordco@spiegel.de,Female,191.80.147.198
Helge,Avann,havanncp@howstuffworks.com,Female,145.167.36.241
Mel,Fowlds,mfowldscq@nymag.com,Bigender,242.141.160.175
Aindrea,Olsen,aolsencr@stanford.edu,Female,93.174.210.223
Florella,Ludron,fludroncs@netvibes.com,Female,87.167.82.185
Melisande,Colcutt,mcolcuttct@utexas.edu,Female,20.240.233.186
Kristoforo,Dun,kduncu@spotify.com,Male,147.17.182.70
Glori,Mc Kellen,gmckellencv@qq.com,Female,
Cyndie,Foort,cfoortcw@ow.ly,Female,
Wald,Vlahos,wvlahoscx@is.gd,Male,37.131.37.71
Jacinthe,Spridgeon,jspridgeoncy@nature.com,Female,
Sascha,Hannay,shannaycz@prnewswire.com,Male,113.30.245.29
Miguela,Figgins,mfigginsd0@sphinn.com,Female,88.80.231.172
Mac,Lye,mlyed1@photobucket.com,Bigender,
Rodger,Rackstraw,rrackstrawd2@forbes.com,Male,
Irma,McDougal,imcdougald3@freewebs.com,Female,66.86.31.138
Skylar,Skittle,sskittled4@360.cn,Male,42.175.218.151
Paolina,Guppy,pguppyd5@toplist.cz,Female,178.24.116.88
Karil,Abbess,kabbessd6@barnesandnoble.com,Female,149.127.147.123
Putnam,Paton,ppatond7@indiatimes.com,Male,3.244.227.254
Frederick,Murton,fmurtond8@feedburner.com,Male,84.234.51.128
Emery,Carne,ecarned9@creativecommons.org,Male,39.72.199.174
Zia,Mitchely,zmitchelyda@dedecms.com,Non-binary,77.12.204.242
Huntlee,Swatman,hswatmandb@squidoo.com,Male,164.88.42.85
Gabriellia,Sommerling,gsommerlingdc@freewebs.com,Female,1.119.64.13
Erwin,Brambell,ebrambelldd@hostgator.com,Male,
Garwin,Povey,gpoveyde@gravatar.com,Male,66.151.176.239
Merry,Newitt,mnewittdf@abc.net.au,Male,197.26.196.70
Niki,Lyte,nlytedg@prweb.com,Male,207.143.83.62
Donaugh,Rapley,drapleydh@netlog.com,Male,109.129.41.240
Zita,Pirson,zpirsondi@gizmodo.com,Female,
Bert,Akroyd,bakroyddj@google.nl,Male,29.218.226.5
Ivie,Castiello,icastiellodk@bloglovin.com,Non-binary,103.187.11.142
Alan,Matej,amatejdl@google.de,Male,135.112.40.230
Shauna,McNickle,smcnickledm@webeden.co.uk,Female,148.191.29.243
Prissie,Calderon,pcalderondn@adobe.com,Female,231.141.54.170
Ella,Hobden,ehobdendo@amazon.de,Female,198.108.253.142
Karl,Shoorbrooke,kshoorbrookedp@ezinearticles.com,Male,86.201.224.218
Ingunna,Nuschke,inuschkedq@phoca.cz,Female,208.123.138.44
Zarah,Harverson,zharversondr@buzzfeed.com,Female,149.13.101.54
Sandi,Hallet,shalletds@cloudflare.com,Female,1.72.15.201
Brit,Eyres,beyresdt@nbcnews.com,Male,10.213.13.108
Shawn,Stenett,sstenettdu@spiegel.de,Female,33.47.74.25
Barbi,Barbery,bbarberydv@narod.ru,Female,204.158.181.53
Wilt,Korb,wkorbdw@cnbc.com,Male,52.34.122.253
Yoshi,Rhelton,yrheltondx@hp.com,Agender,239.58.34.7
Milka,Wheildon,mwheildondy@mayoclinic.com,Female,122.146.158.116
Farica,Alderwick,falderwickdz@marketwatch.com,Female,
Hedi,Gammill,hgammille0@businessweek.com,Female,35.167.204.6
Ikey,Loy,iloye1@reuters.com,Male,39.246.97.85
Ryley,Dorrance,rdorrancee2@disqus.com,Male,124.120.136.124
Sylvia,Saladin,ssaladine3@nytimes.com,Female,229.202.79.2
Gilbertine,Asplen,gasplene4@accuweather.com,Female,39.61.181.109
Averell,Mence,amencee5@senate.gov,Male,149.240.68.206
Rod,Cogswell,rcogswelle6@moonfruit.com,Male,
Mathe,Kaubisch,mkaubische7@pbs.org,Male,60.177.230.178
Leonore,Goligly,lgoliglye8@zimbio.com,Female,20.254.35.241
Gabbie,Appleby,gapplebye9@ucla.edu,Female,211.12.150.13
Virginie,Peggram,vpeggramea@psu.edu,Female,246.146.132.164
Rowland,Francombe,rfrancombeeb@ebay.co.uk,Male,224.125.231.78
Eb,Benza,ebenzaec@cpanel.net,Genderfluid,
Halimeda,Gritton,hgrittoned@cbsnews.com,Female,
Cybill,Duguid,cduguidee@moonfruit.com,Female,239.192.142.27
Ewell,Winwood,ewinwoodef@digg.com,Male,21.182.52.8
Owen,Gorelli,ogorellieg@51.la,Male,124.56.66.68
Edvard,Lambot,elamboteh@blogtalkradio.com,Male,44.11.129.70
Gipsy,Matijevic,gmatijevicei@webnode.com,Female,
Cloe,Dowthwaite,cdowthwaiteej@springer.com,Female,97.72.30.216
Julie,Gilbank,jgilbankek@zimbio.com,Female,76.15.202.126
Blondelle,Birrane,bbirraneel@surveymonkey.com,Female,163.154.230.90
Gladys,Winsom,gwinsomem@ebay.co.uk,Female,120.201.75.25
Kathrine,Padell,kpadellen@boston.com,Female,226.171.170.220
Andy,Raund,araundeo@ucoz.ru,Male,46.210.203.190
Nessi,Bilbie,nbilbieep@cdbaby.com,Female,176.115.147.112
Linzy,Fedorchenko,lfedorchenkoeq@businessweek.com,Female,111.110.202.83
Remington,Castanone,rcastanoneer@histats.com,Male,117.18.30.53
Cornelius,Roddie,croddiees@blogtalkradio.com,Male,36.146.145.219
Germaine,Kolushev,gkolushevet@dot.gov,Female,164.101.252.181
Maggy,Scheu,mscheueu@netlog.com,Female,
Cathy,Philippeaux,cphilippeauxev@marriott.com,Female,
Margalo,Steer,msteerew@psu.edu,Female,
Anita,Linkin,alinkinex@dell.com,Female,88.157.211.211
Borden,Bunhill,bbunhilley@prweb.com,Male,93.192.114.211
Bennie,Ferres,bferresez@usatoday.com,Male,98.196.247.89
Hanni,Pady,hpadyf0@patch.com,Female,
Gavan,Kidder,gkidderf1@free.fr,Male,
Binny,Crame,bcramef2@constantcontact.com,Female,182.51.124.33
Zacharia,Camings,zcamingsf3@deliciousdays.com,Male,114.178.164.193
Maurise,Domenge,mdomengef4@prlog.org,Male,77.107.178.152
Garrik,Gawthrope,ggawthropef5@nature.com,Male,176.198.1.35
Burg,Lowde,blowdef6@istockphoto.com,Male,11.239.0.165
Gaspar,Carleton,gcarletonf7@bbb.org,Male,2.204.81.12
Flo,Hanvey,fhanveyf8@squarespace.com,Female,109.107.223.204
Jamey,Brady,jbradyf9@nydailynews.com,Male,
Hazel,Lafayette,hlafayettefa@webmd.com,Female,
Silva,Rodder,srodderfb@tiny.cc,Female,133.216.182.183
Demetris,Rozycki,drozyckifc@geocities.com,Male,59.100.217.89
Stavro,Kitteman,skittemanfd@chron.com,Male,
Abey,Schonfelder,aschonfelderfe@flickr.com,Male,226.140.168.165
Verena,Calbreath,vcalbreathff@prlog.org,Female,155.246.173.111
Ailina,Maly,amalyfg@xrea.com,Female,20.182.118.4
Dahlia,Clamp,dclampfh@ucla.edu,Female,203.79.92.22
Tildi,Albany,talbanyfi@dion.ne.jp,Female,49.255.16.229
Isa,Zorzini,izorzinifj@delicious.com,Genderfluid,50.33.132.202
Vivianna,Poulton,vpoultonfk@adobe.com,Female,
Vick,Janos,vjanosfl@usgs.gov,Male,125.166.225.112
Lucretia,Breitler,lbreitlerfm@shop-pro.jp,Female,151.217.241.158
Frederic,Enion,fenionfn@theatlantic.com,Male,147.210.10.162
Nicko,Kitcat,nkitcatfo@themeforest.net,Male,30.69.63.147
Selby,Matthewman,smatthewmanfp@a8.net,Bigender,97.5.38.27
Jobi,McGeoch,jmcgeochfq@1und1.de,Female,218.66.130.204
Edithe,Woehler,ewoehlerfr@about.me,Genderqueer,
Pavla,Sigsworth,psigsworthfs@patch.com,Female,
Juliana,Dredge,jdredgeft@reddit.com,Female,140.126.52.88
Valentia,Tipling,vtiplingfu@gravatar.com,Female,217.226.24.249
Brittan,Leipnik,bleipnikfv@adobe.com,Female,57.124.237.220
Randy,Denison,rdenisonfw@icio.us,Male,236.13.228.221
Kalli,Braney,kbraneyfx@scribd.com,Female,224.107.152.114
Cody,Ungaretti,cungarettify@123-reg.co.uk,Non-binary,61.221.221.214
Talya,Mariner,tmarinerfz@typepad.com,Female,255.232.31.136
Emelina,Woodstock,ewoodstockg0@sitemeter.com,Female,
Kara,Ventham,kventhamg1@fema.gov,Female,145.230.49.108
Mabelle,Ciccotto,mciccottog2@state.tx.us,Female,
Wilfrid,Gout,wgoutg3@prnewswire.com,Male,149.214.83.146
Alvin,Daugherty,adaughertyg4@issuu.com,Male,
Benjamen,Corck,bcorckg5@upenn.edu,Male,109.148.141.11
Brantley,Dayton,bdaytong6@craigslist.org,Male,152.228.120.31
Romeo,Alleyn,ralleyng7@aboutads.info,Male,85.59.7.182
Abe,Spohrmann,aspohrmanng8@nationalgeographic.com,Male,111.217.69.92
Ardyce,Endrici,aendricig9@wsj.com,Female,189.172.99.124
Bronnie,Botting,bbottingga@uol.com.br,Male,213.38.252.45
Ronnica,Doak,rdoakgb@shutterfly.com,Female,21.187.160.180
Terrill,Ferris,tferrisgc@dailymail.co.uk,Male,54.226.107.159
Quentin,Lippiatt,qlippiattgd@xinhuanet.com,Female,72.211.246.58
Andriette,Taber,ataberge@slideshare.net,Female,86.69.38.50
Nollie,Dunlap,ndunlapgf@bluehost.com,Female,25.241.181.7
Rhianna,Wegner,rwegnergg@amazon.co.jp,Female,164.251.5.214
Camellia,Dalgarnowch,cdalgarnowchgh@netscape.com,Female,89.26.158.212
Nickolaus,Clarae,nclaraegi@toplist.cz,Male,224.240.244.2
Sigfried,Capun,scapungj@princeton.edu,Polygender,190.145.183.37
Jared,Balffye,jbalffyegk@xinhuanet.com,Male,
Felicdad,Craighead,fcraigheadgl@arizona.edu,Female,68.250.204.246
Layla,Normansell,lnormansellgm@soup.io,Female,
Franklin,Paunsford,fpaunsfordgn@gravatar.com,Male,133.62.166.146
Gabriellia,Orneblow,gorneblowgo@unicef.org,Female,75.251.149.97
Steffi,Peirazzi,speirazzigp@jalbum.net,Female,125.55.106.23
Brandie,Lumbers,blumbersgq@blinklist.com,Non-binary,
Tris,Burth,tburthgr@xing.com,Male,190.156.58.166
Ingeberg,Hendrickson,ihendricksongs@columbia.edu,Female,68.180.94.157
Rodger,Ditty,rdittygt@chronoengine.com,Bigender,232.59.17.119
Joly,Eadmeads,jeadmeadsgu@wikispaces.com,Female,152.183.132.186
Annabella,Duffell,aduffellgv@infoseek.co.jp,Female,213.154.30.242
Eduard,Idiens,eidiensgw@indiegogo.com,Male,41.192.106.230
Cazzie,MacMickan,cmacmickangx@google.de,Male,99.14.54.188
Raoul,Gover,rgovergy@soup.io,Male,190.8.66.230
Devland,Gyenes,dgyenesgz@issuu.com,Male,167.118.178.165
Pennie,Dando,pdandoh0@geocities.jp,Female,127.50.58.48
Brigit,Inchboard,binchboardh1@who.int,Female,17.68.1.57
Jelene,Fluin,jfluinh2@blinklist.com,Female,
Amberly,Estick,aestickh3@mail.ru,Female,182.52.33.200
Desdemona,Dewerson,ddewersonh4@answers.com,Female,163.45.4.171
Ysabel,Mc Elory,ymceloryh5@noaa.gov,Bigender,151.136.209.228
Nahum,Chatell,nchatellh6@tripadvisor.com,Male,225.83.43.23
Dinnie,Falcus,dfalcush7@github.io,Female,
Lindy,Brimblecombe,lbrimblecombeh8@scribd.com,Male,
Tailor,Cabane,tcabaneh9@mapquest.com,Non-binary,21.212.219.116
Sandor,Eddington,seddingtonha@toplist.cz,Male,235.37.243.83
Olga,Hadlington,ohadlingtonhb@prnewswire.com,Female,1.198.69.164
Marcelo,Sawtell,msawtellhc@cocolog-nifty.com,Male,148.184.242.22
Isidro,Hillum,ihillumhd@unblog.fr,Male,95.18.128.230
Norbert,Docwra,ndocwrahe@epa.gov,Male,63.90.222.30
Teirtza,Melmar,tmelmarhf@hostgator.com,Female,105.27.120.98
Maddy,Compfort,mcompforthg@timesonline.co.uk,Male,
Carlina,Hallatt,challatthh@mapquest.com,Female,
Riva,Demageard,rdemageardhi@about.com,Genderqueer,44.13.184.190
Clarey,Standell,cstandellhj@360.cn,Female,214.78.150.92
Lock,Tweedie,ltweediehk@com.com,Male,
Gherardo,Beazer,gbeazerhl@webeden.co.uk,Male,212.241.123.135
Rice,Barrows,rbarrowshm@squarespace.com,Male,56.177.199.226
Heindrick,Hearns,hhearnshn@360.cn,Male,203.103.121.223
Bernadina,Gatheral,bgatheralho@webmd.com,Female,66.130.19.33
Maryrose,Pettifer,mpettiferhp@oaic.gov.au,Female,188.163.224.218
Ransell,Pennicott,rpennicotthq@harvard.edu,Male,18.95.27.195
Raviv,Chiles,rchileshr@twitter.com,Male,183.26.163.66
Martynne,Habin,mhabinhs@symantec.com,Female,134.33.41.119
Marley,Aronovitz,maronovitzht@pcworld.com,Female,247.228.26.5
Barthel,MacKilroe,bmackilroehu@timesonline.co.uk,Male,8.179.236.57
Gale,Mackriell,gmackriellhv@liveinternet.ru,Female,178.94.196.70
Noelyn,Pedican,npedicanhw@delicious.com,Female,
Zorana,Gelletly,zgelletlyhx@yellowbook.com,Female,3.204.125.160
Britt,Zoppie,bzoppiehy@netscape.com,Female,123.101.92.181
Stephi,Devenny,sdevennyhz@nydailynews.com,Female,158.228.114.222
Ravi,Lensch,rlenschi0@arstechnica.com,Agender,213.49.248.197
Lacy,Pullinger,lpullingeri1@samsung.com,Female,
Mabelle,Earsman,mearsmani2@marketwatch.com,Female,
Maximo,Lambert-Ciorwyn,mlambertciorwyni3@fotki.com,Male,
Clarita,McGirl,cmcgirli4@theglobeandmail.com,Female,
Tallie,Orr,torri5@purevolume.com,Male,123.211.189.226
Jenelle,Talks,jtalksi6@vistaprint.com,Female,19.113.91.243
Mariel,Firth,mfirthi7@gravatar.com,Female,
Stanford,Tregona,stregonai8@sfgate.com,Male,57.252.255.233
Erminia,Byron,ebyroni9@scribd.com,Female,
Hilde,Fockes,hfockesia@hhs.gov,Female,160.176.144.56
Fields,Cadogan,fcadoganib@howstuffworks.com,Male,244.213.78.62
Reginauld,Nassau,rnassauic@fotki.com,Male,
Millard,Scoggan,mscogganid@nbcnews.com,Male,194.47.195.214
Edi,Rew,erewie@zimbio.com,Female,111.230.69.73
Hollis,Tewkesbury,htewkesburyif@chicagotribune.com,Male,142.48.163.20
Edlin,Guye,eguyeig@constantcontact.com,Male,42.128.229.101
Madella,Fearon,mfearonih@pen.io,Female,108.241.0.80
Marna,Crossby,mcrossbyii@blinklist.com,Agender,159.190.89.116
Kathlin,Melchior,kmelchiorij@bloglovin.com,Female,244.28.206.170
Vance,Coyte,vcoyteik@angelfire.com,Male,233.53.180.48
Madalena,Graddon,mgraddonil@google.fr,Female,159.187.131.102
Artair,Gather,agatherim@weibo.com,Male,85.167.145.240
Kiele,Choke,kchokein@java.com,Female,114.255.26.15
Isaiah,Simnor,isimnorio@hostgator.com,Male,202.125.34.192
Josh,Pic,jpicip@furl.net,Male,
Cati,Kinahan,ckinahaniq@histats.com,Female,46.193.60.8
Angeli,Dagon,adagonir@wsj.com,Male,
Smitty,Sandle,ssandleis@indiatimes.com,Male,
Camella,Bengtsen,cbengtsenit@theguardian.com,Female,220.134.19.209
Gussi,Crittal,gcrittaliu@wordpress.org,Female,16.71.149.70
Betsy,Kidstone,bkidstoneiv@google.co.uk,Female,29.118.126.82
Mario,Blinerman,mblinermaniw@freewebs.com,Male,
Catlee,Bevis,cbevisix@chron.com,Female,204.106.15.144
Shir,Dall,sdalliy@aol.com,Female,164.29.211.134
Reginald,MacAllaster,rmacallasteriz@photobucket.com,Male,224.231.215.148
Brooke,Leed,bleedj0@ucoz.com,Male,238.3.163.226
Allan,Bristoe,abristoej1@goodreads.com,Male,
Cate,Trewin,ctrewinj2@adobe.com,Female,61.99.208.117
Aeriel,Demko,ademkoj3@ebay.com,Polygender,
Dukie,Bloxland,dbloxlandj4@uiuc.edu,Male,
Ezequiel,Alsopp,ealsoppj5@typepad.com,Male,79.229.189.176
Blaine,Hurd,bhurdj6@google.com,Male,
Rachel,Heining,rheiningj7@skype.com,Female,238.20.97.62
Kaylyn,Oganesian,koganesianj8@lulu.com,Female,167.119.142.116
Deeyn,Hickisson,dhickissonj9@xrea.com,Female,113.215.50.90
Dunstan,Shaylor,dshaylorja@pinterest.com,Male,161.43.8.83
Osbourne,Pengelley,opengelleyjb@gizmodo.com,Male,24.71.16.12
Atlante,Leonard,aleonardjc@miitbeian.gov.cn,Female,51.99.179.61
Cammy,Heppner,cheppnerjd@wsj.com,Female,3.14.128.93
Elsinore,Minette,eminetteje@cnn.com,Non-binary,62.100.171.167
Orv,Longbottom,olongbottomjf@twitter.com,Male,
Merrel,Mattack,mmattackjg@upenn.edu,Male,142.40.66.163
Lewie,Doel,ldoeljh@intel.com,Non-binary,2.118.59.210
Freddie,Verheyden,fverheydenji@dion.ne.jp,Male,
Johanna,O'Hartnedy,johartnedyjj@pcworld.com,Female,
Chere,Baglin,cbaglinjk@blogtalkradio.com,Female,96.253.9.209
Didi,Roggieri,droggierijl@hugedomains.com,Female,
Willyt,Musslewhite,wmusslewhitejm@ucoz.com,Agender,93.159.179.19
Kizzee,Perrin,kperrinjn@thetimes.co.uk,Female,
Otha,Strickler,ostricklerjo@senate.gov,Female,97.96.161.215
Izak,Winscomb,iwinscombjp@yellowbook.com,Genderqueer,192.171.87.233
Clarabelle,Walkington,cwalkingtonjq@vimeo.com,Female,77.147.27.248
Shepperd,Rotte,srottejr@craigslist.org,Male,207.156.193.112
Jeanie,Pinkerton,jpinkertonjs@intel.com,Female,214.148.159.169
Correna,Pryer,cpryerjt@skyrock.com,Female,0.54.103.130
Ronny,Mancell,rmancellju@examiner.com,Female,78.167.181.157
Sunny,Pharro,spharrojv@netlog.com,Female,186.238.93.209
Aubrette,Lagadu,alagadujw@blogtalkradio.com,Female,143.182.5.197
Hilde,Willbond,hwillbondjx@flickr.com,Female,244.196.34.144
Seward,Yedy,syedyjy@hao123.com,Male,
Cammie,Greensted,cgreenstedjz@bloglines.com,Female,15.92.80.37
Maximilianus,Holton,mholtonk0@google.nl,Male,137.183.46.46
Rosemary,Wollard,rwollardk1@cafepress.com,Female,27.7.116.22
Linus,Smye,lsmyek2@t-online.de,Male,237.94.108.161
Marj,Tommeo,mtommeok3@networkadvertising.org,Female,96.217.156.213
Helenka,Reignolds,hreignoldsk4@narod.ru,Female,12.135.144.190
Bink,Nuzzi,bnuzzik5@cdbaby.com,Male,150.210.53.169
Mozelle,Vakhrushev,mvakhrushevk6@de.vu,Female,
Beaufort,Huyhton,bhuyhtonk7@xing.com,Male,239.152.133.22
Bernadine,Hannay,bhannayk8@woothemes.com,Female,26.156.204.175
Vickie,Walkling,vwalklingk9@slideshare.net,Female,43.86.72.148
Yves,Lyes,ylyeska@ow.ly,Male,148.116.138.111
Weston,Deshon,wdeshonkb@angelfire.com,Male,2.104.197.137
Clarissa,Mountlow,cmountlowkc@imageshack.us,Female,135.152.119.102
Annmarie,Girardetti,agirardettikd@yelp.com,Female,61.23.150.100
Lynnea,Klimentyev,lklimentyevke@xing.com,Female,67.23.211.111
Sigismondo,Fussie,sfussiekf@columbia.edu,Male,
Karoly,Fabbri,kfabbrikg@answers.com,Female,30.94.228.47
Lacey,Sikora,lsikorakh@weather.com,Female,52.134.197.118
Jeddy,Aires,jaireski@omniture.com,Male,
Onfre,Twycross,otwycrosskj@ezinearticles.com,Male,31.54.231.0
Leena,Nolli,lnollikk@liveinternet.ru,Female,
Dennis,Pembry,dpembrykl@ed.gov,Male,47.69.16.255
Glad,Shambroke,gshambrokekm@bigcartel.com,Female,229.103.164.129
Annabella,Manie,amaniekn@g.co,Female,
Melodee,Sterzaker,msterzakerko@biblegateway.com,Female,127.203.75.1
Alonso,Casey,acaseykp@fema.gov,Male,117.71.104.193
Isahella,McMenamy,imcmenamykq@blinklist.com,Female,189.160.157.199
Ethelyn,Siddaley,esiddaleykr@utexas.edu,Female,
Emma,Clabburn,eclabburnks@drupal.org,Female,93.170.176.159
Levi,de Cullip,ldecullipkt@usgs.gov,Male,154.157.231.154
Gennie,Tolputt,gtolputtku@indiegogo.com,Female,28.70.107.74
Rosaline,Hing,rhingkv@163.com,Female,
Sergent,Loughran,sloughrankw@1688.com,Male,178.52.117.127
Carmela,Loveridge,cloveridgekx@google.pl,Female,32.170.120.110
Osborn,Exelby,oexelbyky@cyberchimps.com,Male,66.27.12.238
Averil,Phebee,aphebeekz@mtv.com,Male,128.164.131.105
Carlin,Procter,cprocterl0@bravesites.com,Female,141.39.195.194
Harlan,Ruselin,hruselinl1@moonfruit.com,Male,171.35.228.214
Flory,Rosenauer,frosenauerl2@e-recht24.de,Male,137.213.214.131
Douglas,Kinnaird,dkinnairdl3@foxnews.com,Male,62.2.112.225
Sutton,Penny,spennyl4@altervista.org,Male,
Kiele,Hugh,khughl5@skyrock.com,Female,
Alister,Treuge,atreugel6@fda.gov,Male,
Thomas,Dobinson,tdobinsonl7@uiuc.edu,Male,141.238.222.47
Vaughan,Petto,vpettol8@state.gov,Male,204.225.42.53
Yelena,Issacof,yissacofl9@nbcnews.com,Female,
Stacee,Lobbe,slobbela@bizjournals.com,Female,14.76.243.176
Moreen,Rosensaft,mrosensaftlb@imgur.com,Female,
Hilly,Roller,hrollerlc@plala.or.jp,Male,228.223.230.173
Levon,Gwyer,lgwyerld@businesswire.com,Male,57.73.7.107
Jeniece,Rodear,jrodearle@apache.org,Female,91.47.70.228
Maximilian,Balcers,mbalcerslf@hostgator.com,Male,
Harold,Cardo,hcardolg@twitpic.com,Male,140.49.230.74
Leigh,Luna,llunalh@4shared.com,Genderfluid,
Arda,Stanbrooke,astanbrookeli@meetup.com,Female,
Sissy,Troutbeck,stroutbecklj@aboutads.info,Genderfluid,87.34.151.0
Garwood,Lucia,glucialk@whitehouse.gov,Male,
Tiffany,Tilliards,ttilliardsll@prnewswire.com,Genderfluid,198.68.240.61
Reg,Frape,rfrapelm@time.com,Male,
Ted,Pracy,tpracyln@toplist.cz,Male,89.24.115.89
Francisca,Celes,fceleslo@comcast.net,Female,32.165.191.31
Tabby,Lindblad,tlindbladlp@ehow.com,Male,22.219.114.134
Rustie,Grouer,rgrouerlq@howstuffworks.com,Male,123.205.38.58
Rodge,Northill,rnorthilllr@uol.com.br,Male,80.16.138.176
Boycie,Suermeiers,bsuermeiersls@aol.com,Male,219.209.81.44
Beverlie,Linstead,blinsteadlt@archive.org,Female,26.173.90.229
Bridie,Laxen,blaxenlu@cloudflare.com,Female,136.40.159.57
Jayme,Foat,jfoatlv@fc2.com,Male,106.174.6.234
Eduino,Amerighi,eamerighilw@icio.us,Male,
Kelbee,Eyckelberg,keyckelberglx@statcounter.com,Male,190.219.137.7
Sybyl,Casely,scaselyly@phoca.cz,Female,128.140.131.145
Mathias,Smout,msmoutlz@utexas.edu,Male,
Onfre,Gilpin,ogilpinm0@mashable.com,Male,230.71.16.171
Walden,Chastand,wchastandm1@nba.com,Male,
Rowena,Trammel,rtrammelm2@icio.us,Female,8.78.246.99
Cordell,Waliszewski,cwaliszewskim3@miitbeian.gov.cn,Male,108.30.156.205
Hermann,Letterese,hletteresem4@51.la,Male,
Zarla,Gosselin,zgosselinm5@msn.com,Female,178.56.234.108
Carny,Pringuer,cpringuerm6@howstuffworks.com,Male,53.180.80.49
Filmore,Attaway,fattawaym7@ustream.tv,Male,98.253.86.239
Broddy,Melross,bmelrossm8@twitter.com,Male,38.80.191.20
Rebekkah,Laible,rlaiblem9@usnews.com,Female,
Christabel,Housden,chousdenma@princeton.edu,Female,36.198.15.118
Alan,Luton,alutonmb@twitpic.com,Male,123.69.193.250
Gordan,Jeannot,gjeannotmc@seattletimes.com,Male,235.110.62.70
Nananne,Buddles,nbuddlesmd@cornell.edu,Female,221.215.240.80
Ethelin,O'Bruen,eobruenme@bandcamp.com,Female,167.164.60.189
Britt,Read,breadmf@unesco.org,Male,208.110.61.151
Penny,Baile,pbailemg@psu.edu,Agender,
Anneliese,Shippey,ashippeymh@npr.org,Female,30.63.187.198
Dominic,Rosthorn,drosthornmi@time.com,Male,99.222.248.50
Elspeth,Clynter,eclyntermj@vistaprint.com,Female,240.82.199.54
Ingra,Meth,imethmk@g.co,Male,223.49.10.13
Sheff,Davidesco,sdavidescoml@pcworld.com,Male,187.128.110.118
Mal,Blesing,mblesingmm@bravesites.com,Male,
Ethelbert,Landers,elandersmn@dot.gov,Male,194.4.250.18
Clovis,Hymus,chymusmo@xrea.com,Female,
Ogden,Stillwell,ostillwellmp@state.gov,Polygender,234.229.156.59
Trev,Baldacchi,tbaldacchimq@shutterfly.com,Male,35.133.218.144
Sylvia,Divall,sdivallmr@deviantart.com,Female,108.90.173.105
Erl,Halling,ehallingms@wikipedia.org,Male,48.92.159.111
Angel,Gercken,agerckenmt@sciencedaily.com,Male,200.241.2.77
Loise,Robertelli,lrobertellimu@w3.org,Female,15.213.159.214
Carla,Dubbin,cdubbinmv@europa.eu,Female,
Charmian,Flatt,cflattmw@mediafire.com,Female,41.60.149.16
Marian,Murden,mmurdenmx@elegantthemes.com,Female,242.130.144.133
Jocelin,Gawen,jgawenmy@businesswire.com,Female,43.23.154.192
Cacilie,Vondrys,cvondrysmz@uol.com.br,Female,235.102.115.91
Jimmy,Repp,jreppn0@etsy.com,Male,166.119.130.181
Jock,Trewin,jtrewinn1@nyu.edu,Male,51.254.107.157
Sarina,Balleine,sballeinen2@mysql.com,Genderqueer,16.56.100.138
Maia,Royan,mroyann3@g.co,Female,90.45.41.84
Darby,Jeannenet,djeannenetn4@uiuc.edu,Female,225.48.34.168
Roderich,Aiers,raiersn5@comsenz.com,Male,28.21.214.181
Jamil,Durtnel,jdurtneln6@sciencedirect.com,Male,244.6.149.251
Gauthier,Antrack,gantrackn7@hatena.ne.jp,Bigender,
Napoleon,Orrock,norrockn8@hatena.ne.jp,Genderfluid,49.197.159.238
Charleen,Quernel,cquerneln9@pcworld.com,Female,32.49.127.213
Merv,Wickstead,mwicksteadna@quantcast.com,Male,
Honor,Cawdery,hcawderynb@diigo.com,Female,200.175.203.209
Blisse,Segrott,bsegrottnc@plala.or.jp,Female,242.49.125.235
Valencia,Hillett,vhillettnd@free.fr,Female,
Kane,Swalteridge,kswalteridgene@businessweek.com,Male,157.3.91.142
Ferdinand,Godfery,fgodferynf@wikimedia.org,Male,172.171.175.93
Katerine,Thorwarth,kthorwarthng@weather.com,Non-binary,
Gabi,Grestie,ggrestienh@altervista.org,Female,102.166.134.111
Pauly,Huggan,phugganni@over-blog.com,Female,0.110.167.4
Maxi,Ozanne,mozannenj@booking.com,Agender,
Helenelizabeth,Gentiry,hgentirynk@goo.ne.jp,Female,
Olivia,Harmer,oharmernl@nifty.com,Female,179.49.19.250
Margaret,Helversen,mhelversennm@slate.com,Female,108.57.45.3
Viole,Mahood,vmahoodnn@craigslist.org,Female,105.0.105.41
Tiphany,Jobke,tjobkeno@de.vu,Female,145.137.90.130
Merill,Castle,mcastlenp@booking.com,Male,101.102.68.143
Ernestine,Trye,etryenq@studiopress.com,Female,
Tirrell,Delaney,tdelaneynr@bbb.org,Male,82.248.248.30
Justin,McCrann,jmccrannns@usda.gov,Male,107.2.233.248
Domenico,Prophet,dprophetnt@dailymail.co.uk,Male,20.58.224.76
Sindee,Salters,ssaltersnu@bluehost.com,Female,156.58.174.189
Daryl,Yoskowitz,dyoskowitznv@tamu.edu,Male,219.28.32.159
Eb,Wildash,ewildashnw@de.vu,Male,55.179.144.122
Tabatha,Fritz,tfritznx@washington.edu,Female,
Venus,Birdsall,vbirdsallny@behance.net,Female,157.120.157.220
Sutherlan,Lant,slantnz@thetimes.co.uk,Male,48.76.125.56
Leese,MacEvilly,lmacevillyo0@dot.gov,Non-binary,
Davide,De Vile,ddevileo1@dion.ne.jp,Male,
Zorana,Edlin,zedlino2@epa.gov,Female,59.180.179.57
Ibbie,Heaney,iheaneyo3@spiegel.de,Female,63.194.119.221
Melvyn,Seys,mseyso4@hatena.ne.jp,Male,185.190.5.184
Bibbye,Wombwell,bwombwello5@amazon.co.uk,Female,251.207.85.190
Marv,Woodward,mwoodwardo6@dot.gov,Male,250.26.44.145
Chet,Creaney,ccreaneyo7@1688.com,Male,18.242.241.120
Odilia,Sansam,osansamo8@nps.gov,Female,
Zola,Baskwell,zbaskwello9@omniture.com,Female,37.185.158.234
Lorne,Chaff,lchaffoa@tumblr.com,Male,172.97.91.220
Zena,Pragnall,zpragnallob@microsoft.com,Female,
Carlin,Van Ross,cvanrossoc@hc360.com,Female,36.15.252.59
Mart,Willden,mwilldenod@home.pl,Male,222.207.3.151
Audie,Schleicher,aschleicheroe@com.com,Female,10.56.89.149
Tamra,Leader,tleaderof@plala.or.jp,Female,182.93.15.97
Osborne,Ziemens,oziemensog@360.cn,Male,
Connor,Silcocks,csilcocksoh@engadget.com,Genderfluid,
Miranda,Westpfel,mwestpfeloi@arstechnica.com,Female,73.44.123.33
Leshia,Gebby,lgebbyoj@opera.com,Female,129.51.173.13
Reece,Champion,rchampionok@xing.com,Male,193.75.35.175
Rosanne,Tynewell,rtynewellol@smugmug.com,Female,121.53.158.165
Jeri,Filipputti,jfilipputtiom@dot.gov,Female,155.65.75.132
Janos,Coldbreath,jcoldbreathon@homestead.com,Male,94.235.135.112
Mandie,Royste,mroysteoo@constantcontact.com,Female,
Tallulah,Devennie,tdevennieop@bandcamp.com,Female,111.213.19.221
Arvie,Turfes,aturfesoq@nature.com,Male,12.202.126.159
Nalani,Oxley,noxleyor@slideshare.net,Female,67.234.166.99
Flem,Maddie,fmaddieos@issuu.com,Male,118.171.140.206
Aldus,Mouth,amouthot@arizona.edu,Male,250.40.112.71
Antonie,Bidder,abidderou@google.com,Female,227.111.193.146
Verile,Liven,vlivenov@economist.com,Female,140.240.57.133
Isidor,Dongall,idongallow@pcworld.com,Male,205.223.121.239
Ann,Marrington,amarringtonox@army.mil,Female,142.61.71.236
Emmanuel,Tunnah,etunnahoy@yahoo.com,Male,192.41.156.192
Markos,Denness,mdennessoz@nps.gov,Male,
Garrot,Allot,gallotp0@china.com.cn,Male,148.18.179.244
Jud,Cathrall,jcathrallp1@behance.net,Male,
Glyn,Carder,gcarderp2@furl.net,Male,99.7.246.175
Merrill,Mougin,mmouginp3@reference.com,Female,
Yardley,Willshear,ywillshearp4@berkeley.edu,Male,184.13.165.151
Cathee,MacTeggart,cmacteggartp5@mlb.com,Female,228.129.128.250
Ilse,Ende,iendep6@businessinsider.com,Female,57.14.89.17
Gordie,Laidlaw,glaidlawp7@mlb.com,Male,108.235.110.213
Ulrike,Boyfield,uboyfieldp8@wordpress.org,Female,239.38.78.68
Tedd,Szachniewicz,tszachniewiczp9@cocolog-nifty.com,Male,79.207.186.131
Keriann,Wride,kwridepa@google.co.jp,Female,
Reginald,Finker,rfinkerpb@yolasite.com,Male,
Lorenzo,Charlin,lcharlinpc@networksolutions.com,Male,
Mae,Redhills,mredhillspd@omniture.com,Female,
King,Rabbet,krabbetpe@yahoo.com,Male,49.28.159.244
Kent,Tidcomb,ktidcombpf@discuz.net,Polygender,
Gilles,Goshawke,ggoshawkepg@amazon.co.uk,Male,0.63.92.19
Dino,Witul,dwitulph@businessweek.com,Male,
Giordano,Empleton,gempletonpi@wired.com,Male,
Aguie,Ayliff,aayliffpj@dailymail.co.uk,Male,217.134.151.163
Barnaby,Tribbeck,btribbeckpk@creativecommons.org,Male,18.235.221.76
Ervin,Shipperbottom,eshipperbottompl@webmd.com,Male,169.204.64.79
Pascale,Tomasi,ptomasipm@cafepress.com,Male,138.131.78.144
Bevin,Mingasson,bmingassonpn@google.es,Male,235.206.10.112
Napoleon,Junes,njunespo@ezinearticles.com,Male,126.235.196.117
Duke,Mercey,dmerceypp@businessweek.com,Male,
Cele,Showering,cshoweringpq@sitemeter.com,Female,80.206.118.83
Fredric,Royson,froysonpr@hhs.gov,Male,38.174.85.157
Garrot,Calabry,gcalabryps@sohu.com,Male,68.87.175.155
Hakeem,Duffill,hduffillpt@altervista.org,Male,
Billi,Weatherall,bweatherallpu@auda.org.au,Female,172.2.11.225
Minny,Chavey,mchaveypv@ox.ac.uk,Female,5.142.220.18
Pincus,Benda,pbendapw@trellian.com,Male,
Therese,Roches,trochespx@bloglovin.com,Female,255.194.201.158
Cullan,Canny,ccannypy@bizjournals.com,Male,227.139.96.180
Nealon,Fransemai,nfransemaipz@wp.com,Genderfluid,50.35.126.45
Dimitri,Gorusso,dgorussoq0@studiopress.com,Male,147.209.52.125
Vladamir,Sherlock,vsherlockq1@bloglovin.com,Male,251.43.10.123
Jerry,Flatt,jflattq2@boston.com,Male,119.166.68.73
Aluino,Haysey,ahayseyq3@theatlantic.com,Male,234.158.202.187
Tedman,Jakel,tjakelq4@noaa.gov,Male,88.219.17.225
Nicolas,Beardmore,nbeardmoreq5@weebly.com,Male,26.134.131.36
Yancy,Emerton,yemertonq6@squarespace.com,Male,53.195.138.166
Latia,Gergus,lgergusq7@va.gov,Female,252.244.195.96
Orville,Lebond,olebondq8@oracle.com,Male,215.82.5.175
Dedie,Howie,dhowieq9@tumblr.com,Female,183.141.84.109
Roarke,Toffalo,rtoffaloqa@blogtalkradio.com,Male,13.84.201.162
Athene,Snap,asnapqb@umich.edu,Female,219.59.31.47
Danila,Songhurst,dsonghurstqc@yolasite.com,Female,73.215.232.94
Klara,Antushev,kantushevqd@jiathis.com,Female,78.189.229.103
Eduardo,Buckerfield,ebuckerfieldqe@walmart.com,Male,166.204.210.41
Carlen,Fellos,cfellosqf@printfriendly.com,Genderqueer,245.212.255.173
Fletch,Leadstone,fleadstoneqg@google.es,Male,26.28.93.233
Philippa,Swaby,pswabyqh@godaddy.com,Female,
Annalee,Fleischer,afleischerqi@webeden.co.uk,Female,
Bevvy,Ketteman,bkettemanqj@icio.us,Bigender,
Webb,Praton,wpratonqk@dot.gov,Male,98.190.33.61
Bill,Loxston,bloxstonql@wsj.com,Female,
Noella,Lodovichi,nlodovichiqm@1688.com,Female,25.213.118.183
Antoinette,Delhanty,adelhantyqn@accuweather.com,Female,207.187.157.172
Heywood,Tapsell,htapsellqo@imdb.com,Male,42.146.71.103
Michail,Dumbreck,mdumbreckqp@illinois.edu,Male,168.205.97.210
Rozamond,Tupper,rtupperqq@ehow.com,Female,
Nelle,Jearum,njearumqr@tmall.com,Female,
Debbie,Helversen,dhelversenqs@paypal.com,Female,111.183.242.50
Remington,Sellor,rsellorqt@ibm.com,Male,115.112.255.122
Noella,Airlie,nairliequ@mysql.com,Female,
Claudine,Culmer,cculmerqv@vistaprint.com,Female,118.254.230.239
Elaine,McMeekin,emcmeekinqw@utexas.edu,Female,83.154.164.175
Claudian,Zywicki,czywickiqx@ustream.tv,Male,
Leo,Awde,lawdeqy@1und1.de,Male,160.79.153.221
Sharlene,Ward,swardqz@weibo.com,Non-binary,131.204.120.10
Margette,Corah,mcorahr0@wix.com,Female,
Shaughn,Littledyke,slittledyker1@creativecommons.org,Male,120.56.239.181
Tobe,McKeller,tmckellerr2@cyberchimps.com,Female,194.204.71.16
Janet,Hutchinson,jhutchinsonr3@woothemes.com,Female,13.121.132.65
Klaus,Benmore,kbenmorer4@uiuc.edu,Male,146.102.2.178
Deny,Capey,dcapeyr5@buzzfeed.com,Female,175.207.125.134
Courtnay,Girardot,cgirardotr6@wufoo.com,Female,125.251.229.163
Royal,Oliff,roliffr7@paginegialle.it,Male,83.89.57.14
Donal,Coultar,dcoultarr8@cocolog-nifty.com,Male,221.158.124.239
Ede,Noddings,enoddingsr9@alexa.com,Female,57.32.159.160
Laurence,Beaney,lbeaneyra@mapy.cz,Male,158.26.98.130
Horatius,Pagram,hpagramrb@constantcontact.com,Male,178.249.126.39
Roley,Ennever,renneverrc@behance.net,Male,225.116.51.203
Giulio,Asbrey,gasbreyrd@pcworld.com,Male,73.57.101.43
Emily,Snadden,esnaddenre@unblog.fr,Female,96.125.200.244
Mirella,O'Donegan,modoneganrf@blogtalkradio.com,Female,159.244.134.94
Nessa,Fursse,nfursserg@utexas.edu,Female,
Randene,Govini,rgovinirh@behance.net,Female,156.86.235.14
Alina,Lob,alobri@ucoz.ru,Female,
Miguel,Broodes,mbroodesrj@squidoo.com,Male,6.13.132.126
Deanna,Perrott,dperrottrk@pagesperso-orange.fr,Female,149.128.123.179
Raddie,Keaveney,rkeaveneyrl@wunderground.com,Male,91.226.107.126
Rickey,Pollington,rpollingtonrm@mozilla.org,Male,8.184.167.136
Judd,Fancutt,jfancuttrn@nhs.uk,Male,49.43.240.89
Husain,Siely,hsielyro@purevolume.com,Non-binary,
Gena,Dineen,gdineenrp@biglobe.ne.jp,Female,68.103.207.193
Isadora,Dietzler,idietzlerrq@blinklist.com,Female,24.198.75.143
Ransell,Di Lucia,rdiluciarr@timesonline.co.uk,Male,
