First Name,Last Name,Email,Date of Birth
"Jacke,Hartwell",Hartwell,hjacke0@feedburner.com,10/17/1984
Sammy,Croyden,scroyden1@virginia.edu,12/18/1969
Othello,Gaule,ogaule2@psu.edu,7/9/1982
Israel,Krink,ikrink3@purevolume.com,10/22/1980
Carmela,Benjamin,cbenjamin4@miibeian.gov.cn,1/26/1975
Barclay,Gehrels,bgehrels5@statcounter.com,8/14/1965
Roberta,Magauran,rmagauran6@lycos.com,2/9/1999
Sadie,Swancott,sswancott7@wiley.com,3/14/1967
Lena,Orhrt,lorhrt8@ezinearticles.com,5/2/1975
Lisle,Pentony,lpentony9@digg.com,9/20/1979
Kenyon,Burburough,kburburougha@wufoo.com,7/24/1971
Agathe,Foley,afoleyb@hibu.com,10/7/1973
Rubin,Perin,rperinc@opensource.org,5/3/1983
Carolan,Batrick,cbatrickd@google.pl,8/21/1966
Tad,Bridat,tbridate@scribd.com,10/25/1972
Quintilla,Lowsely,qlowselyf@simplemachines.org,6/16/1978
Pancho,Gencke,pgenckeg@ustream.tv,12/3/1973
Adah,Circuit,acircuith@harvard.edu,11/18/1965
Ethelind,Cullington,ecullingtoni@eepurl.com,7/6/1979
Symon,Barette,sbarettej@icq.com,9/6/1992
Damara,Rottger,drottgerk@alexa.com,9/10/1986
Tamiko,Marc,tmarcl@thetimes.co.uk,7/29/1969
Teddie,Senett,tsenettm@webs.com,3/17/1992
Francyne,Blasetti,fblasettin@wunderground.com,1/29/1965
Katerina,Ethridge,kethridgeo@archive.org,9/8/1985
Ailee,Hackey,ahackeyp@usa.gov,3/5/1986
Caren,Charkham,ccharkhamq@seesaa.net,8/22/1993
Elvin,Selwood,eselwoodr@engadget.com,1/9/1971
Denice,Clapp,dclapps@dell.com,6/25/1992
Hussein,Eakins,heakinst@huffingtonpost.com,1/29/1963
Cedric,Arnson,carnsonu@state.tx.us,9/5/1987
Harlan,Rikkard,hrikkardv@ft.com,3/13/1999
Marthe,Ennion,mennionw@seesaa.net,5/7/1973
Hanni,Jurasz,hjuraszx@europa.eu,3/24/1972
Parke,Tanti,ptantiy@nymag.com,7/30/1969
Arlana,MacCosto,amaccostoz@histats.com,1/29/1976
Hilliard,Burkman,hburkman10@yelp.com,12/23/1993
Glynda,Attril,gattril11@163.com,6/24/1981
Carla,Attree,cattree12@bizjournals.com,6/20/1964
Marion,Dews,mdews13@opensource.org,2/16/1975
Bonita,Sinnocke,bsinnocke14@storify.com,11/10/1973
Lacie,Doddemeade,ldoddemeade15@fc2.com,10/2/1981
Inez,Mumbey,imumbey16@tripadvisor.com,11/24/1997
Murray,Eadmead,meadmead17@amazon.de,6/11/2000
Edy,Castille,ecastille18@globo.com,4/11/1994
Trip,Sissland,tsissland19@bloomberg.com,3/22/1978
Ariel,Paydon,apaydon1a@furl.net,8/28/1990
Moses,Aslie,maslie1b@businessinsider.com,3/2/1973
Ambrosio,Pittle,apittle1c@boston.com,8/16/1978
Cathyleen,Kilgrew,ckilgrew1d@hatena.ne.jp,10/29/1975
Poppy,Lindmark,plindmark1e@odnoklassniki.ru,5/4/1987
Rourke,Vignal,rvignal1f@1688.com,11/3/2000
Antonin,Penkethman,apenkethman1g@sakura.ne.jp,6/19/1986
Man,Macknish,mmacknish1h@wsj.com,9/12/1980
Cheslie,Bisacre,cbisacre1i@hubpages.com,11/6/1966
Glory,Iveson,giveson1j@taobao.com,4/16/1990
Everett,Maliphant,emaliphant1k@github.com,11/24/1967
Lutero,Berndsen,lberndsen1l@sun.com,3/9/1976
Dorrie,Gilbank,dgilbank1m@51.la,11/3/1983
Shelley,Bolitho,sbolitho1n@reddit.com,9/23/1987
Dana,Loggie,dloggie1o@g.co,9/12/1996
Maryann,Boult,mboult1p@lycos.com,10/18/1982
Halley,Archbold,harchbold1q@nsw.gov.au,3/18/1963
Avigdor,Wiltshire,awiltshire1r@bizjournals.com,10/29/1986
Thorpe,Cristoforo,tcristoforo1s@altervista.org,5/4/1972
Shelbi,Oulet,soulet1t@spiegel.de,7/23/1993
Bronny,Mylechreest,bmylechreest1u@answers.com,12/20/1992
Farrell,Lord,flord1v@surveymonkey.com,1/24/1988
Ken,Coombe,kcoombe1w@amazonaws.com,7/7/2000
Town,Schout,tschout1x@oaic.gov.au,4/29/1973
Kassandra,Colvie,kcolvie1y@oaic.gov.au,6/29/1964
Hendrick,Fairfull,hfairfull1z@cbslocal.com,3/15/1967
Stan,Ekless,sekless20@netscape.com,2/4/1976
Keelia,Kitchener,kkitchener21@nytimes.com,6/8/1978
Lexy,Caudle,lcaudle22@bandcamp.com,2/8/1964
Goldia,Lamburne,glamburne23@cocolog-nifty.com,7/7/1966
Nils,Tiernan,ntiernan24@newsvine.com,8/12/1963
Shae,Cheatle,scheatle25@google.com.br,7/1/1982
Krisha,Look,klook26@spiegel.de,5/22/1987
Stacie,Banyard,sbanyard27@yahoo.com,1/4/1996
Marcos,Stango,mstango28@time.com,8/9/1967
Genevra,Farron,gfarron29@123-reg.co.uk,6/13/1994
Ora,Emmison,oemmison2a@sourceforge.net,5/15/1976
Barnabas,Growy,bgrowy2b@com.com,9/29/1976
Zaccaria,Wray,zwray2c@csmonitor.com,6/3/1969
Curry,Tubble,ctubble2d@so-net.ne.jp,9/21/1974
Skippie,Dwyr,sdwyr2e@com.com,3/7/1976
Lane,Dunphy,ldunphy2f@webmd.com,10/5/1988
Hanson,Thake,hthake2g@gravatar.com,3/5/1985
Howey,Tullett,htullett2h@europa.eu,4/22/1964
Levin,Kiddye,lkiddye2i@ask.com,4/5/1979
Meredith,Chilvers,mchilvers2j@stumbleupon.com,9/18/1979
Barbie,Napoleon,bnapoleon2k@wufoo.com,6/19/1976
Stan,Barringer,sbarringer2l@acquirethisname.com,10/10/1974
Brent,Readshall,breadshall2m@seesaa.net,3/17/1985
Odie,Andersson,oandersson2n@unblog.fr,7/20/1986
Tiebold,Scrine,tscrine2o@people.com.cn,8/5/1964
Gal,Canacott,gcanacott2p@phoca.cz,2/26/1972
Gail,Oxenden,goxenden2q@fastcompany.com,2/19/1975
Jenn,Harborow,jharborow2r@trellian.com,6/21/2000
Barton,Stuck,bstuck2s@livejournal.com,5/29/1996
Delcina,Betham,dbetham2t@goo.ne.jp,4/5/1966
Nathanial,O'Hingerty,nohingerty2u@upenn.edu,6/3/1985
Catherin,Rouby,crouby2v@sbwire.com,11/13/1981
Inigo,Bernhardsson,ibernhardsson2w@newyorker.com,10/23/2000
Yard,Wotherspoon,ywotherspoon2x@jugem.jp,4/29/1972
Dani,Ausher,dausher2y@guardian.co.uk,4/13/1981
Adriano,Linnard,alinnard2z@wordpress.com,9/22/1981
Maribelle,Smoth,msmoth30@dropbox.com,3/5/1976
Sasha,Izac,sizac31@ox.ac.uk,6/25/1974
Phoebe,Pirot,ppirot32@newyorker.com,2/16/2000
Raeann,Matushevich,rmatushevich33@yale.edu,1/12/1975
Tyson,Ewebank,tewebank34@who.int,7/20/1963
Paulo,Merryfield,pmerryfield35@census.gov,11/13/1980
Aluino,Wolfarth,awolfarth36@ezinearticles.com,1/18/1980
Raychel,Machon,rmachon37@berkeley.edu,11/7/1963
Shell,Treher,streher38@mayoclinic.com,12/7/1992
Leyla,Archard,larchard39@loc.gov,2/9/1983
Goldi,Parfitt,gparfitt3a@eepurl.com,1/1/1980
Euell,Tasch,etasch3b@springer.com,10/13/1964
Sergeant,Bortolozzi,sbortolozzi3c@baidu.com,2/23/1973
Axel,Iggulden,aiggulden3d@istockphoto.com,9/16/1988
Shepherd,Frain,sfrain3e@creativecommons.org,4/2/1964
Hunt,Winn,hwinn3f@furl.net,10/25/1965
Baudoin,Anderer,banderer3g@time.com,5/31/1992
Sydney,Karpets,skarpets3h@yolasite.com,11/11/1967
Evelyn,Kemme,ekemme3i@loc.gov,6/14/1982
Eveleen,Applegate,eapplegate3j@msn.com,11/6/1993
Edouard,Nemchinov,enemchinov3k@thetimes.co.uk,6/3/1968
Ettore,Grinnov,egrinnov3l@berkeley.edu,5/26/1970
Earl,MacKessock,emackessock3m@globo.com,7/14/1980
Milo,Sandeson,msandeson3n@ucoz.com,5/5/1982
Cherye,Saunder,csaunder3o@bloglines.com,3/15/1975
Trip,Eacle,teacle3p@tmall.com,9/28/1975
Tris,Skivington,tskivington3q@drupal.org,12/2/2000
Ruth,Stonhewer,rstonhewer3r@yellowbook.com,6/25/1970
Emmit,Kiljan,ekiljan3s@topsy.com,12/18/1992
Angeline,Marrington,amarrington3t@psu.edu,4/27/2000
Reamonn,Detoile,rdetoile3u@slate.com,8/20/1966
Bartie,Aseef,baseef3v@ucoz.com,9/9/1968
Marchelle,Khidr,mkhidr3w@vk.com,7/29/1985
Marika,Bremmell,mbremmell3x@msn.com,10/7/1984
Curtice,Derobert,cderobert3y@constantcontact.com,8/22/1998
Natalya,Smooth,nsmooth3z@columbia.edu,9/7/1989
Hanny,Furst,hfurst40@ucoz.com,1/1/1975
Rooney,Hand,rhand41@guardian.co.uk,2/26/1994
Nolie,Connochie,nconnochie42@youtu.be,9/30/1981
Deirdre,Greenroa,dgreenroa43@google.co.jp,7/21/1965
Melesa,Leverentz,mleverentz44@microsoft.com,2/13/1989
Tally,Hattam,thattam45@ow.ly,5/15/1995
Dorita,Bleckly,dbleckly46@google.cn,9/3/1973
Harriot,Kraut,hkraut47@mtv.com,2/28/1984
Golda,Gosnall,ggosnall48@mayoclinic.com,4/23/1986
Carma,Cornfield,ccornfield49@phpbb.com,4/13/1978
Shaina,Tarbett,starbett4a@samsung.com,6/3/1985
Sigismundo,Bartolomieu,sbartolomieu4b@hibu.com,5/12/1999
Lenna,Finey,lfiney4c@epa.gov,6/1/1986
Tony,Moreno,tmoreno4d@youtu.be,4/13/1992
Caprice,Biner,cbiner4e@wufoo.com,5/15/1970
Karlotte,Grioli,kgrioli4f@ft.com,8/16/1996
Neal,Dast,ndast4g@parallels.com,5/12/1974
Ameline,Allard,aallard4h@drupal.org,4/6/1991
Angil,Cianni,acianni4i@livejournal.com,2/19/1964
Joyce,Bullene,jbullene4j@blinklist.com,10/20/1981
Roxie,Keppy,rkeppy4k@tripod.com,10/29/1984
Octavius,Grishinov,ogrishinov4l@ca.gov,3/8/1981
Debor,Hugh,dhugh4m@businessweek.com,8/28/1976
Hazel,Drains,hdrains4n@cbslocal.com,12/8/1972
Vivianne,Woolrich,vwoolrich4o@github.io,6/6/1996
Collete,Espadate,cespadate4p@webs.com,8/6/1994
Carlin,Ebben,cebben4q@creativecommons.org,5/3/1992
Westleigh,Colliar,wcolliar4r@163.com,12/13/1980
Dominick,Colhoun,dcolhoun4s@wsj.com,3/11/1973
Hermione,Moreton,hmoreton4t@wired.com,11/20/1999
Crin,Debill,cdebill4u@hugedomains.com,4/11/1981
Zorana,Baccup,zbaccup4v@omniture.com,1/15/1965
Fannie,Ullock,fullock4w@yahoo.com,6/26/1967
Wernher,Hawthorne,whawthorne4x@youtu.be,6/23/1986
Karon,Tuddall,ktuddall4y@ebay.co.uk,11/7/1975
Evanne,Street,estreet4z@mozilla.com,9/25/1970
Fayre,Story,fstory50@apple.com,10/27/1966
Drugi,Stollmeier,dstollmeier51@prlog.org,1/5/1971
Guenevere,Dwerryhouse,gdwerryhouse52@fema.gov,7/20/1987
Brynn,Stanes,bstanes53@meetup.com,10/26/1997
Olympie,Sandaver,osandaver54@mayoclinic.com,3/27/1987
Annadiana,Hourahan,ahourahan55@i2i.jp,4/16/1976
Celestyn,Farnish,cfarnish56@cam.ac.uk,8/29/1986
Ellyn,Ivermee,eivermee57@mapquest.com,8/5/1979
Malissia,Bramham,mbramham58@angelfire.com,4/26/1988
Jard,Kennelly,jkennelly59@nps.gov,3/18/1982
Nat,Hebble,nhebble5a@nsw.gov.au,11/1/1987
Elsinore,Raffon,eraffon5b@yellowpages.com,2/9/1963
Mitchell,Dwire,mdwire5c@qq.com,4/12/1970
Casar,Cahill,ccahill5d@slideshare.net,11/17/1973
Ward,Ouver,wouver5e@who.int,6/23/1998
Fulton,McClements,fmcclements5f@sbwire.com,8/29/1970
Ethelind,Lingley,elingley5g@chron.com,8/31/1982
Joy,Catford,jcatford5h@shutterfly.com,7/29/1990
Jim,Woodbridge,jwoodbridge5i@seesaa.net,9/25/1974
Wendy,Vanderson,wvanderson5j@posterous.com,1/26/1995
Elinor,Featley,efeatley5k@de.vu,1/25/1972
Constantin,Newitt,cnewitt5l@facebook.com,9/12/1984
Biddie,McGrath,bmcgrath5m@europa.eu,9/12/1972
Tedie,Dyet,tdyet5n@csmonitor.com,9/8/1990
Tailor,Burbridge,tburbridge5o@discuz.net,11/22/1979
Aldwin,MacKinnon,amackinnon5p@apache.org,11/19/1971
Fionna,Champneys,fchampneys5q@4shared.com,6/21/1988
Neil,Extil,nextil5r@dailymail.co.uk,9/25/1972
Dania,Rubens,drubens5s@auda.org.au,3/3/1984
Harlen,Cast,hcast5t@census.gov,6/24/1963
Ursulina,Reace,ureace5u@nih.gov,9/2/1978
Royall,Hutcheon,rhutcheon5v@delicious.com,12/10/1973
Diane-marie,Tybalt,dtybalt5w@loc.gov,11/3/1975
Carling,Brockington,cbrockington5x@go.com,2/26/1979
Caro,Giraldon,cgiraldon5y@techcrunch.com,12/24/1988
Nanine,Farish,nfarish5z@tripadvisor.com,6/27/1963
Tracy,Mateos,tmateos60@tuttocitta.it,12/6/1977
Carroll,Tessyman,ctessyman61@utexas.edu,8/24/1987
Sascha,Brabbs,sbrabbs62@shop-pro.jp,9/22/1975
Donnie,Gilhouley,dgilhouley63@elegantthemes.com,9/23/1983
Ellynn,Burgne,eburgne64@goo.ne.jp,7/9/1974
Freedman,Dalgliesh,fdalgliesh65@telegraph.co.uk,2/22/1987
Darcy,Paxforde,dpaxforde66@youtu.be,1/6/1969
Gladys,Raysdale,graysdale67@upenn.edu,11/5/1986
Analise,Baudain,abaudain68@unc.edu,7/15/1987
Claudianus,Hendron,chendron69@mac.com,7/10/1971
Yvette,Vidler,yvidler6a@prlog.org,8/11/1998
Garrik,Wolfart,gwolfart6b@ihg.com,2/10/1994
Miquela,Durno,mdurno6c@earthlink.net,11/11/1963
Mildrid,Halbeard,mhalbeard6d@mashable.com,9/21/1971
Marylou,Cicculini,mcicculini6e@homestead.com,12/22/1971
Marris,Grain,mgrain6f@ning.com,10/24/1992
Genovera,Corkhill,gcorkhill6g@imdb.com,4/10/1970
Esther,Murrthum,emurrthum6h@instagram.com,12/17/1970
Adams,Murdy,amurdy6i@forbes.com,2/20/1970
Alfredo,Jakubowski,ajakubowski6j@about.com,8/22/1983
Cyndy,Beck,cbeck6k@seesaa.net,5/26/1968
Farrand,MacTrustam,fmactrustam6l@wunderground.com,2/22/1975
Kiele,Adriano,kadriano6m@comcast.net,12/21/1993
Jarvis,Bewshea,jbewshea6n@google.co.uk,5/18/1993
Cordi,Yerby,cyerby6o@goo.gl,9/14/1970
Stacy,McLagain,smclagain6p@dion.ne.jp,6/24/1998
Kay,Feldheim,kfeldheim6q@slashdot.org,1/17/1974
Neila,Nowakowski,nnowakowski6r@slashdot.org,4/17/1967
Witty,Lambourn,wlambourn6s@aboutads.info,12/7/1993
Gretna,Gillice,ggillice6t@meetup.com,10/27/1990
Chandler,Staning,cstaning6u@gizmodo.com,1/4/1983
Kasey,Mellhuish,kmellhuish6v@ucoz.ru,8/21/1965
Bab,Dearman,bdearman6w@delicious.com,3/11/1981
Rosanne,Yitshak,ryitshak6x@blogs.com,5/4/1972
Magdalen,Kinane,mkinane6y@weebly.com,8/15/1978
Trent,Lonsbrough,tlonsbrough6z@indiegogo.com,8/26/1982
Ruperta,Tonks,rtonks70@yahoo.co.jp,11/6/1977
Marwin,Okker,mokker71@wikispaces.com,3/27/1984
Jana,MacCombe,jmaccombe72@illinois.edu,9/24/1964
Preston,Ziebart,pziebart73@cocolog-nifty.com,9/30/1991
Garrik,Chipping,gchipping74@ow.ly,11/14/1963
Jacky,Domengue,jdomengue75@newyorker.com,5/18/1987
Rafael,Nodes,rnodes76@dell.com,5/20/1987
Deane,Feaver,dfeaver77@tamu.edu,9/29/1965
Callie,Woodwin,cwoodwin78@tumblr.com,10/26/1979
Vernon,Cuttell,vcuttell79@vinaora.com,7/14/1997
Beulah,Limprecht,blimprecht7a@japanpost.jp,12/4/1978
Karlie,Lumber,klumber7b@timesonline.co.uk,3/13/1998
Tann,de'-Ancy Willis,tdeancywillis7c@bbc.co.uk,5/11/1984
Rene,Carnachen,rcarnachen7d@spiegel.de,7/22/1980
Carly,Frith,cfrith7e@aol.com,10/15/1998
Delinda,Jaegar,djaegar7f@weebly.com,10/25/1992
Levin,Mulhall,lmulhall7g@netvibes.com,6/17/1980
Germain,Clutterham,gclutterham7h@nsw.gov.au,12/7/1980
Alisa,Doyley,adoyley7i@aboutads.info,3/11/1973
Elton,Hasser,ehasser7j@columbia.edu,7/18/1996
Kalie,Abbatt,kabbatt7k@usnews.com,2/23/1993
Kary,Conboy,kconboy7l@amazon.co.jp,3/2/1981
Melitta,Dutnall,mdutnall7m@mac.com,11/25/1974
Luigi,MacAvaddy,lmacavaddy7n@wisc.edu,4/27/1970
Win,Meins,wmeins7o@sohu.com,1/6/1980
Leonore,Riley,lriley7p@ca.gov,6/19/1967
Drucy,Bane,dbane7q@goo.ne.jp,1/14/1997
Mavis,Lindley,mlindley7r@parallels.com,1/12/1995
Halette,Olensby,holensby7s@spotify.com,5/26/1985
Tamarra,Guillard,tguillard7t@upenn.edu,11/9/1970
Phillip,Cristofano,pcristofano7u@discuz.net,10/18/1970
Krystal,Cristofano,kcristofano7v@imdb.com,10/10/1999
Wylma,Ely,wely7w@buzzfeed.com,2/9/1996
Heinrik,Davidofski,hdavidofski7x@thetimes.co.uk,3/31/1986
Agneta,Bubbins,abubbins7y@nba.com,10/23/1963
Angelia,Kerin,akerin7z@cargocollective.com,2/8/1988
Norton,Van,nvan80@nyu.edu,1/31/1985
Ludovico,Philpin,lphilpin81@taobao.com,11/23/1995
Marianna,Cabrera,mcabrera82@wufoo.com,2/22/1999
Webb,Poyzer,wpoyzer83@intel.com,4/15/1965
Fee,Urquhart,furquhart84@thetimes.co.uk,10/31/1968
Missie,Meatcher,mmeatcher85@1688.com,3/28/1974
Claudie,Kaley,ckaley86@forbes.com,5/25/1974
Cornelle,Dumbellow,cdumbellow87@wufoo.com,11/6/1981
Mariann,Raulston,mraulston88@cbsnews.com,12/6/1988
Cozmo,Wrassell,cwrassell89@springer.com,4/26/1973
Ingar,Bevington,ibevington8a@npr.org,10/10/1989
Joli,Kubal,jkubal8b@php.net,4/1/1988
Ely,Arnopp,earnopp8c@toplist.cz,9/27/1990
Tye,Marcum,tmarcum8d@php.net,2/26/1987
Jodee,Currell,jcurrell8e@admin.ch,12/18/1988
Fredek,Hardes,fhardes8f@webmd.com,7/3/1963
Moises,Mabbs,mmabbs8g@aol.com,12/10/1972
See,Furminger,sfurminger8h@marketwatch.com,9/19/1987
Mariann,Mapholm,mmapholm8i@wikia.com,12/27/1970
Gualterio,Waggett,gwaggett8j@vinaora.com,12/3/1988
Datha,Faragher,dfaragher8k@ebay.com,4/20/1999
Wilow,Jessett,wjessett8l@yandex.ru,7/23/1974
Tobias,Samudio,tsamudio8m@cloudflare.com,7/9/1979
Janka,Kelledy,jkelledy8n@a8.net,7/15/1963
Hastings,Tyrie,htyrie8o@altervista.org,2/13/1978
Eldredge,Laytham,elaytham8p@nymag.com,9/1/1980
Bambi,Frisch,bfrisch8q@ftc.gov,3/28/1977
Jake,Madle,jmadle8r@gizmodo.com,4/11/1985
Janeczka,Horsburgh,jhorsburgh8s@psu.edu,10/9/1971
Chiarra,Pude,cpude8t@wisc.edu,2/7/1999
Samara,Rodliff,srodliff8u@youtube.com,7/5/1995
Kelsey,Lehrle,klehrle8v@parallels.com,10/11/1978
Ursala,Giovani,ugiovani8w@wikispaces.com,5/23/1970
Ware,Blasetti,wblasetti8x@sfgate.com,5/26/2000
Granville,Sherme,gsherme8y@symantec.com,5/23/1967
Farrell,Barnfield,fbarnfield8z@yale.edu,4/19/1981
Mariska,Anstee,manstee90@archive.org,6/23/1991
Michele,Fanthome,mfanthome91@live.com,10/2/1988
Feliks,Pladen,fpladen92@over-blog.com,11/22/2000
Norry,Hasluck,nhasluck93@surveymonkey.com,9/26/1982
Francesco,Beasant,fbeasant94@google.ca,6/17/1967
Cosmo,Margram,cmargram95@theatlantic.com,5/28/2000
Dane,Ion,dion96@clickbank.net,7/16/1983
Una,Savins,usavins97@guardian.co.uk,1/13/1965
Marcos,Haggarty,mhaggarty98@wufoo.com,5/4/1993
Ferrel,Climie,fclimie99@weebly.com,7/4/1990
Margie,Callen,mcallen9a@linkedin.com,3/18/1981
Daphene,Bleier,dbleier9b@spiegel.de,7/23/1977
Mady,Bayliss,mbayliss9c@oakley.com,3/20/1971
Alick,Demead,ademead9d@columbia.edu,2/27/1980
Dagny,Ojeda,dojeda9e@shareasale.com,3/11/1977
Kacy,Tittletross,ktittletross9f@qq.com,6/17/1992
Kelbee,Cruxton,kcruxton9g@scientificamerican.com,7/25/1987
Benton,Nystrom,bnystrom9h@miitbeian.gov.cn,12/20/1986
Aldus,Jopling,ajopling9i@who.int,9/25/1992
Fanechka,Ruffli,fruffli9j@miitbeian.gov.cn,3/2/1980
Hurleigh,Tregunnah,htregunnah9k@jugem.jp,2/27/1978
Rayna,Popham,rpopham9l@google.com.hk,7/16/1970
Giorgi,Kingaby,gkingaby9m@wufoo.com,3/18/1994
Zane,De la Perrelle,zdelaperrelle9n@addthis.com,10/20/1977
Madella,Ryall,mryall9o@hugedomains.com,11/10/1987
Adlai,Checkley,acheckley9p@technorati.com,3/29/1964
Worden,Sabbins,wsabbins9q@odnoklassniki.ru,11/15/1983
Deidre,Pinchen,dpinchen9r@nationalgeographic.com,1/8/1988
Gerri,Smallpeice,gsmallpeice9s@va.gov,12/22/1992
De,Sheriff,dsheriff9t@tuttocitta.it,5/12/1980
Gayler,Collopy,gcollopy9u@issuu.com,6/14/1967
Hillary,Janning,hjanning9v@sphinn.com,6/21/1980
Stearne,Greedier,sgreedier9w@mapquest.com,8/22/1964
Tish,Doxey,tdoxey9x@webnode.com,3/24/1991
Demeter,Malley,dmalley9y@google.it,4/4/1973
Myrilla,Goodrich,mgoodrich9z@is.gd,10/17/1998
Elmo,Vogelein,evogeleina0@salon.com,11/14/1987
Romola,Lesper,rlespera1@people.com.cn,8/23/1996
Ertha,Moncarr,emoncarra2@un.org,10/15/1996
Lezley,Arne,larnea3@washingtonpost.com,4/27/1982
Teirtza,Huglin,thuglina4@fastcompany.com,10/11/1968
Guillermo,Pashbee,gpashbeea5@jalbum.net,5/11/1968
Raychel,O' Bee,robeea6@house.gov,7/24/1999
Park,Duckett,pducketta7@aboutads.info,4/4/1980
Ettie,Llop,ellopa8@abc.net.au,1/19/2000
Eustace,Fealy,efealya9@exblog.jp,11/13/1976
Forrester,McClaurie,fmcclaurieaa@live.com,6/29/1988
Creigh,Teather,cteatherab@ca.gov,9/3/1976
Florence,Pickrell,fpickrellac@wikimedia.org,5/2/1969
Thalia,Tomaszewicz,ttomaszewiczad@sciencedaily.com,11/19/1974
Pepi,Simeoni,psimeoniae@goo.ne.jp,4/7/1989
Dre,Sandiland,dsandilandaf@microsoft.com,4/1/1996
Ellerey,Kitchiner,ekitchinerag@issuu.com,2/27/1965
Mervin,Cuttelar,mcuttelarah@mapquest.com,8/13/1986
Georgeanne,Rocca,groccaai@alibaba.com,4/16/1975
Ketty,Parkman,kparkmanaj@barnesandnoble.com,9/9/1987
Catarina,Pennicard,cpennicardak@goodreads.com,7/1/1977
Christal,Cunliffe,ccunliffeal@flavors.me,7/19/1992
Ara,Pietz,apietzam@infoseek.co.jp,12/17/1963
Nevsa,Clapshaw,nclapshawan@goodreads.com,6/23/1999
Muriel,Errett,merrettao@vimeo.com,1/27/1978
Gustave,Kerrigan,gkerriganap@bravesites.com,11/23/1978
Heall,Cowin,hcowinaq@irs.gov,4/2/1966
Sean,Thorold,sthoroldar@hud.gov,4/4/1969
Brose,Hillborne,bhillborneas@purevolume.com,2/14/1990
Dave,Kneale,dknealeat@boston.com,11/30/1990
Chicky,Matevosian,cmatevosianau@google.fr,2/11/1974
Alexandrina,Skyme,askymeav@forbes.com,2/8/1973
Sanderson,Scapens,sscapensaw@walmart.com,6/29/1972
Arthur,Crippell,acrippellax@arstechnica.com,12/29/1964
Kaspar,Grain,kgrainay@dot.gov,7/25/1991
Clemence,Mallock,cmallockaz@princeton.edu,7/25/1968
Simonette,Rableau,srableaub0@hubpages.com,7/10/1975
Katti,Issett,kissettb1@unc.edu,7/18/1983
Oralle,McSharry,omcsharryb2@homestead.com,11/28/1981
Retha,Surcomb,rsurcombb3@ft.com,10/18/1972
Magdalene,Kimbley,mkimbleyb4@sun.com,8/21/1978
Reinaldos,Jeacop,rjeacopb5@homestead.com,12/29/1989
Theodoric,ducarme,tducarmeb6@tiny.cc,12/6/1966
Francoise,Robinson,frobinsonb7@nsw.gov.au,1/8/1989
Sansone,Spruce,sspruceb8@wiley.com,10/9/1992
Lotte,Roff,lroffb9@globo.com,11/1/1982
Timotheus,Sproson,tsprosonba@tumblr.com,7/20/1998
Ilysa,Kunisch,ikunischbb@gmpg.org,1/23/1997
Arne,Firby,afirbybc@sourceforge.net,1/24/1988
Margret,Drysdell,mdrysdellbd@amazon.co.uk,2/24/2000
Rancell,Sissot,rsissotbe@netvibes.com,7/4/1971
Latisha,Shute,lshutebf@studiopress.com,8/8/1987
Terrill,Dunbar,tdunbarbg@tuttocitta.it,7/29/1985
Ansley,Markel,amarkelbh@blogtalkradio.com,1/12/1975
Tiertza,Mildner,tmildnerbi@skype.com,2/17/1970
Idell,Haucke,ihauckebj@photobucket.com,4/22/1968
Stephenie,Gallihawk,sgallihawkbk@shop-pro.jp,2/10/1988
Brigid,Gillogley,bgillogleybl@cloudflare.com,10/29/1996
Boonie,Sego,bsegobm@census.gov,1/6/1987
Fernande,Simondson,fsimondsonbn@nyu.edu,7/26/1984
Faye,Pappi,fpappibo@nhs.uk,11/11/2000
Virgie,Adess,vadessbp@vimeo.com,1/25/1993
Gigi,Swannie,gswanniebq@bravesites.com,9/4/1967
Pollyanna,Matterface,pmatterfacebr@dagondesign.com,7/4/1992
Felipe,McCamish,fmccamishbs@shareasale.com,10/12/1996
Massimo,Gantzer,mgantzerbt@unc.edu,9/26/1973
Hamil,Galley,hgalleybu@tripod.com,8/13/1999
Livvyy,Shipston,lshipstonbv@phoca.cz,4/9/1988
Jannel,Fechnie,jfechniebw@behance.net,8/18/1972
Gage,Churn,gchurnbx@umn.edu,1/25/1978
Lela,Kestian,lkestianby@newyorker.com,4/25/1978
Chantalle,Marcham,cmarchambz@printfriendly.com,5/17/1993
Perry,McCafferky,pmccafferkyc0@creativecommons.org,10/11/1977
Hugibert,Gaitung,hgaitungc1@symantec.com,1/20/1981
Geraldine,Bentick,gbentickc2@accuweather.com,9/19/1970
Ester,Soots,esootsc3@washingtonpost.com,5/28/1979
Gael,Latehouse,glatehousec4@ifeng.com,5/19/1987
Tybalt,Humphery,thumpheryc5@mapy.cz,3/27/1977
Mario,Greener,mgreenerc6@samsung.com,8/1/1994
Essie,Fuller,efullerc7@istockphoto.com,6/23/1975
Haily,Crady,hcradyc8@freewebs.com,7/5/1990
Hershel,Grover,hgroverc9@addthis.com,3/15/1996
Godfry,Beernt,gbeerntca@ibm.com,11/11/1994
Willetta,Chilton,wchiltoncb@google.com.br,12/9/1986
Ermin,Mattioni,emattionicc@google.it,10/8/1980
Evey,Hourican,ehouricancd@technorati.com,6/24/1989
Eddy,Altamirano,ealtamiranoce@tripadvisor.com,9/26/1977
Reiko,Elwill,relwillcf@accuweather.com,11/16/1989
Sandi,Taffarello,staffarellocg@ow.ly,9/22/1976
August,Ginnaly,aginnalych@biblegateway.com,2/24/1967
Edee,Fenimore,efenimoreci@domainmarket.com,8/8/1997
Esmeralda,Tuison,etuisoncj@ft.com,11/25/1985
Christabella,Jurisic,cjurisicck@twitpic.com,6/18/1998
Alana,Dietsche,adietschecl@e-recht24.de,10/6/1971
Byrom,Antonik,bantonikcm@spiegel.de,1/3/1992
Marlene,McKinn,mmckinncn@weather.com,11/15/1997
Barr,Houlridge,bhoulridgeco@alibaba.com,9/7/1971
Brian,Cannavan,bcannavancp@chicagotribune.com,4/22/1979
Aubree,Khomich,akhomichcq@patch.com,1/21/1973
Karin,Lyford,klyfordcr@independent.co.uk,8/27/1966
Iago,Hugonet,ihugonetcs@china.com.cn,9/1/1972
Willie,Doret,wdoretct@samsung.com,1/14/1991
Merwyn,Zamora,mzamoracu@spotify.com,9/14/1997
Pierette,Querrard,pquerrardcv@sbwire.com,9/11/1988
Jared,Farnell,jfarnellcw@examiner.com,12/30/1972
Rosella,Vanshin,rvanshincx@si.edu,5/9/1995
Joane,Blaszczak,jblaszczakcy@microsoft.com,2/4/1984
Merv,Casburn,mcasburncz@g.co,1/26/1985
Palmer,Elsdon,pelsdond0@mayoclinic.com,1/2/1988
Dre,Lewton,dlewtond1@sciencedaily.com,10/5/1974
Quintus,Purcell,qpurcelld2@theglobeandmail.com,5/10/1970
Abbot,Glasard,aglasardd3@buzzfeed.com,2/25/1973
Drew,Adlington,dadlingtond4@4shared.com,6/17/1974
Debor,Rene,drened5@flavors.me,6/11/1967
Nola,Clifton,ncliftond6@samsung.com,11/19/1993
Garnette,Domoney,gdomoneyd7@mozilla.com,9/24/1969
Morry,Healey,mhealeyd8@springer.com,1/3/1963
Torrin,Chuck,tchuckd9@unc.edu,6/10/1993
Carola,Fison,cfisonda@histats.com,12/21/1974
Filbert,Van der Krui,fvanderkruidb@boston.com,5/9/1990
Jennee,Eliaz,jeliazdc@imageshack.us,5/6/1975
Hetti,Bresner,hbresnerdd@alibaba.com,7/8/1995
Jaye,Cudbird,jcudbirdde@aboutads.info,5/26/1987
Shelton,Hammett,shammettdf@blinklist.com,4/12/1988
Skip,Feedome,sfeedomedg@vk.com,11/23/1993
Abran,Cudbertson,acudbertsondh@t-online.de,2/3/1995
Barbaraanne,Vasilevich,bvasilevichdi@pen.io,9/8/1989
Tammara,Jackett,tjackettdj@narod.ru,7/23/1964
Bo,Harler,bharlerdk@dyndns.org,5/23/1982
Silas,Scopyn,sscopyndl@sbwire.com,3/10/1984
Hart,Behneke,hbehnekedm@tmall.com,4/14/1975
Logan,Tucker,ltuckerdn@fema.gov,12/17/1984
Hogan,Magauran,hmagaurando@dropbox.com,10/4/1969
Renell,Piff,rpiffdp@princeton.edu,3/3/1995
Neilla,Lathaye,nlathayedq@aol.com,4/14/1980
Zandra,Rimer,zrimerdr@icio.us,9/17/1995
Nicolais,Wallsworth,nwallsworthds@tinypic.com,2/9/1965
Darrin,Suttill,dsuttilldt@howstuffworks.com,11/14/1993
Hiram,Kupisz,hkupiszdu@i2i.jp,9/22/1997
Patrizio,Hovington,phovingtondv@exblog.jp,7/23/1968
Berne,Battram,bbattramdw@bigcartel.com,11/15/1999
Stan,Mcmanaman,smcmanamandx@ning.com,2/9/1972
Lynne,Drohane,ldrohanedy@eepurl.com,3/15/1979
Alina,McCosker,amccoskerdz@posterous.com,5/26/1979
Meg,Asty,mastye0@mail.ru,9/5/1978
Kathlin,Openshaw,kopenshawe1@blogtalkradio.com,10/27/1993
Therine,Levey,tleveye2@php.net,6/20/1992
Annabal,Carmichael,acarmichaele3@seattletimes.com,12/6/1998
Tomaso,Teal,tteale4@live.com,9/13/1982
Danny,Puleque,dpulequee5@eventbrite.com,7/31/2000
Mia,Batecok,mbatecoke6@mail.ru,6/4/1997
Mickey,Huddle,mhuddlee7@eepurl.com,8/18/1971
Con,Writtle,cwrittlee8@slashdot.org,11/20/1989
Brodie,Brodhead,bbrodheade9@usnews.com,3/2/1974
Fabio,Pauleit,fpauleitea@amazon.co.uk,10/6/1985
Bernadene,Jakubiak,bjakubiakeb@harvard.edu,10/25/1971
Chrisse,Camoys,ccamoysec@pbs.org,8/2/1979
Sherwynd,Neasam,sneasamed@economist.com,5/30/1991
Dolores,Legier,dlegieree@redcross.org,9/8/1988
Gabriela,Shulver,gshulveref@dyndns.org,8/26/1966
Nickie,Pere,npereeg@ca.gov,8/9/1996
Jesse,Vossing,jvossingeh@canalblog.com,7/22/1963
Marcela,Lyttle,mlyttleei@technorati.com,2/18/1968
Karlens,Kinig,kkinigej@vinaora.com,12/26/1998
Bo,Zannutti,bzannuttiek@surveymonkey.com,11/12/1980
Engelbert,Gosneye,egosneyeel@mapquest.com,3/11/1978
Cordey,Cuseick,ccuseickem@tamu.edu,2/4/1984
Pascal,Twelve,ptwelveen@ebay.com,8/1/1991
Melita,Bolt,mbolteo@macromedia.com,10/23/1973
Timotheus,Gadesby,tgadesbyep@cnbc.com,3/11/1978
Hedwig,Rawcliffe,hrawcliffeeq@princeton.edu,7/3/2000
Frieda,Stoak,fstoaker@arizona.edu,6/23/1967
Evie,De Caville,edecavillees@bing.com,10/17/1991
Aron,Haggie,ahaggieet@gnu.org,4/2/1965
Derby,Mazin,dmazineu@buzzfeed.com,4/14/1983
Gannon,Freeberne,gfreeberneev@walmart.com,6/16/2000
Dunstan,Folan,dfolanew@list-manage.com,1/3/1963
Egor,Halliberton,ehallibertonex@latimes.com,12/21/1963
Thornie,Trewin,ttrewiney@is.gd,9/6/1998
Scot,Devenport,sdevenportez@histats.com,8/13/1997
Paquito,Futter,pfutterf0@hud.gov,5/7/1968
Patrice,Swabey,pswabeyf1@home.pl,7/28/1966
Ulick,O'Crigan,uocriganf2@theguardian.com,8/3/1991
Maximo,Jones,mjonesf3@boston.com,10/9/1993
Felisha,Yearby,fyearbyf4@dailymail.co.uk,8/4/1980
Hilly,Shemelt,hshemeltf5@who.int,3/30/1980
Karlik,Bastie,kbastief6@yahoo.co.jp,7/16/1985
Noni,Lowin,nlowinf7@macromedia.com,4/26/1990
Murry,Beckensall,mbeckensallf8@hatena.ne.jp,7/5/1983
Kyle,Doohan,kdoohanf9@vk.com,7/13/1980
Benedick,Leask,bleaskfa@bing.com,9/15/1967
Frank,Algie,falgiefb@ihg.com,4/5/1983
Cyrillus,Lee,cleefc@mapy.cz,4/13/1990
Ariana,Annear,aannearfd@ucsd.edu,12/21/1998
Nicholas,McCluney,nmccluneyfe@bloglovin.com,6/30/1994
Jeanine,Menendez,jmenendezff@jiathis.com,8/18/1996
Fay,Bazylets,fbazyletsfg@miitbeian.gov.cn,11/3/1966
Gunilla,Kliemke,gkliemkefh@blogspot.com,10/27/1966
Chevalier,Dymocke,cdymockefi@smugmug.com,8/31/1980
Samson,Flowith,sflowithfj@rakuten.co.jp,1/7/2000
Gunar,Ings,gingsfk@vinaora.com,5/5/1996
Ebeneser,Frany,efranyfl@cargocollective.com,6/18/1985
Charmian,Luberti,clubertifm@senate.gov,9/21/1997
Moritz,Longhorne,mlonghornefn@edublogs.org,4/25/1980
Zechariah,Derby,zderbyfo@bizjournals.com,9/27/1985
Christian,Chadwick,cchadwickfp@tumblr.com,5/19/1971
Dorolisa,Dyster,ddysterfq@google.com,4/28/1984
Garry,Pedron,gpedronfr@mac.com,6/20/1981
Arnoldo,Elstob,aelstobfs@w3.org,3/28/1996
Eileen,Strickett,estrickettft@washingtonpost.com,10/3/1997
Jack,Bentinck,jbentinckfu@imgur.com,5/22/1986
Murielle,Robroe,mrobroefv@deliciousdays.com,8/24/1988
Kattie,Bearblock,kbearblockfw@telegraph.co.uk,5/18/1984
Briant,Gainsborough,bgainsboroughfx@nationalgeographic.com,11/9/1983
Shawn,Keerl,skeerlfy@about.me,11/18/1969
Woodman,Tschierasche,wtschieraschefz@goodreads.com,7/30/1993
Olly,Grevile,ogrevileg0@craigslist.org,6/19/1967
Orazio,Bayley,obayleyg1@gravatar.com,11/5/1977
Ophelia,Dod,ododg2@ibm.com,1/9/1966
Brnaba,Hotton,bhottong3@theglobeandmail.com,11/12/1980
Doralin,Chifney,dchifneyg4@dmoz.org,4/21/1982
Sam,Dineges,sdinegesg5@reuters.com,7/10/1967
Robinia,Moynihan,rmoynihang6@narod.ru,7/16/1968
Mirna,Jaggi,mjaggig7@businessinsider.com,6/11/1972
Alley,Argile,aargileg8@mail.ru,5/5/1969
Leupold,Naughton,lnaughtong9@mlb.com,3/20/2000
Yettie,Gorke,ygorkega@usgs.gov,10/16/1991
Giselbert,Palumbo,gpalumbogb@rambler.ru,5/31/1987
Thelma,Dallmann,tdallmanngc@ehow.com,12/29/1976
Ardra,Claisse,aclaissegd@yolasite.com,10/15/1992
Kristan,Vittore,kvittorege@berkeley.edu,7/2/1980
Ferdy,Custance,fcustancegf@123-reg.co.uk,10/22/1983
Bartholomew,Kilford,bkilfordgg@fema.gov,6/4/1965
Lori,Scroggins,lscrogginsgh@parallels.com,2/5/1978
Therese,Freeth,tfreethgi@craigslist.org,12/19/1976
Ely,Klich,eklichgj@army.mil,3/29/1971
Gerianna,Kelland,gkellandgk@chicagotribune.com,10/5/1985
Leeland,Abramson,labramsongl@canalblog.com,3/27/2000
Nikki,Della Scala,ndellascalagm@icio.us,9/11/1991
Nan,Grunder,ngrundergn@cisco.com,11/22/1983
Morton,Gerasch,mgeraschgo@yahoo.co.jp,7/23/1999
Annamaria,Longstaffe,alongstaffegp@ifeng.com,8/20/1994
Shirley,MacCafferky,smaccafferkygq@economist.com,4/14/1969
Valina,O'Donnelly,vodonnellygr@yandex.ru,4/1/1996
Killian,Dymidowski,kdymidowskigs@a8.net,10/18/1968
Merle,McKinna,mmckinnagt@timesonline.co.uk,6/3/1996
Nevil,Briance,nbriancegu@alibaba.com,2/12/1991
Sephira,Chaunce,schauncegv@princeton.edu,3/31/1969
Alexina,Gladtbach,agladtbachgw@de.vu,11/11/2000
Melisenda,Desbrow,mdesbrowgx@ca.gov,11/21/1976
Jolynn,Paulet,jpauletgy@nps.gov,6/25/1984
Jodi,Durbin,jdurbingz@nationalgeographic.com,3/8/1965
Quinton,Sarson,qsarsonh0@51.la,9/2/1968
Miguelita,Lind,mlindh1@xinhuanet.com,4/4/1963
Hogan,Rudsdell,hrudsdellh2@reverbnation.com,3/19/1997
Korrie,Hooks,khooksh3@bloglovin.com,8/12/1970
Davida,Daddow,ddaddowh4@dion.ne.jp,5/26/1996
Bowie,Haighton,bhaightonh5@g.co,9/21/1981
Kevina,Roggerone,kroggeroneh6@360.cn,8/23/1995
Ansell,Landa,alandah7@nasa.gov,12/15/1991
Sol,Geerits,sgeeritsh8@opera.com,8/8/1992
Binky,Dowtry,bdowtryh9@github.com,8/25/1968
Priscella,Bassingham,pbassinghamha@wordpress.com,1/28/1979
Lila,Gladdifh,lgladdifhhb@upenn.edu,7/25/1993
Isac,Garrood,igarroodhc@google.pl,8/4/1990
Millisent,Gurko,mgurkohd@army.mil,8/2/1976
Frayda,McArthur,fmcarthurhe@illinois.edu,9/30/1964
Esma,Harroll,eharrollhf@google.com.au,2/10/1999
Clementia,Gonnard,cgonnardhg@prnewswire.com,4/6/1966
Erasmus,Ephgrave,eephgravehh@ftc.gov,3/24/1988
Allan,Ramet,aramethi@vinaora.com,9/18/1981
Hermann,Newbegin,hnewbeginhj@elegantthemes.com,11/18/1967
Sergent,Weston,swestonhk@baidu.com,7/10/1974
Adrien,Gagin,agaginhl@51.la,2/18/1987
Xylina,Geoghegan,xgeogheganhm@chicagotribune.com,8/20/1979
Anica,Mochar,amocharhn@nhs.uk,8/30/1977
Thurston,Ferrieres,tferrieresho@smugmug.com,1/3/1979
Roseann,Harriss,rharrisshp@ox.ac.uk,4/21/1973
Norean,Gaskins,ngaskinshq@linkedin.com,9/10/1972
Davida,Suttill,dsuttillhr@joomla.org,12/6/1978
Nerta,Lashmar,nlashmarhs@gizmodo.com,2/29/1964
Jeanelle,Dalziell,jdalziellht@facebook.com,5/31/1971
Analiese,Springell,aspringellhu@paypal.com,11/1/1986
Rosana,MacAdie,rmacadiehv@elpais.com,1/31/1983
Roth,Yegorchenkov,ryegorchenkovhw@google.pl,10/27/1975
Lorain,Cinnamond,lcinnamondhx@sohu.com,11/16/1994
Isidro,Woollhead,iwoollheadhy@imdb.com,2/20/1966
Valentina,Ginni,vginnihz@ifeng.com,2/15/1980
Cullen,Hattiff,chattiffi0@e-recht24.de,10/6/1997
Truman,Godlee,tgodleei1@vistaprint.com,7/17/1983
Holmes,Blenkiron,hblenkironi2@spiegel.de,6/30/2000
Ethelbert,Elliston,eellistoni3@bizjournals.com,3/13/1976
Dorey,Flaonier,dflaonieri4@vkontakte.ru,5/2/1982
Burtie,Ogglebie,bogglebiei5@dyndns.org,1/20/1979
Eddy,Blockey,eblockeyi6@amazon.com,8/31/1990
Joella,Leuchars,jleucharsi7@studiopress.com,12/18/1978
Kimmy,Yardy,kyardyi8@nationalgeographic.com,10/18/1990
Heddie,Markus,hmarkusi9@slideshare.net,5/21/1976
Drusie,Klessmann,dklessmannia@vkontakte.ru,7/11/1981
Shelton,Cleminshaw,scleminshawib@last.fm,11/30/1967
Tailor,Gaunson,tgaunsonic@constantcontact.com,11/30/1965
Nikolos,Pears,npearsid@biblegateway.com,2/2/1998
Chen,Cranstoun,ccranstounie@prnewswire.com,9/20/1973
Stillman,Ninnoli,sninnoliif@prlog.org,8/19/1998
Katee,Mudge,kmudgeig@constantcontact.com,2/12/1964
Shanan,Slatford,sslatfordih@imgur.com,8/19/1994
Ebenezer,Di Baudi,edibaudiii@google.de,2/20/1993
Hermine,Brame,hbrameij@discuz.net,7/14/1975
Merl,Eamer,meamerik@jiathis.com,7/2/1984
Delmar,Silcock,dsilcockil@google.pl,10/18/1984
Terrijo,Jarrold,tjarroldim@last.fm,2/5/1975
Bartie,Kubica,bkubicain@chron.com,1/11/1984
Arabella,Guyan,aguyanio@ifeng.com,8/27/1992
Veda,Gallehock,vgallehockip@pagesperso-orange.fr,11/10/1999
Eran,Delafoy,edelafoyiq@feedburner.com,1/21/1998
Drake,Whipp,dwhippir@sciencedirect.com,8/23/1986
Dani,Hawket,dhawketis@netscape.com,1/25/1992
Worth,Arkwright,warkwrightit@samsung.com,5/15/1981
Aprilette,Cheal,achealiu@dyndns.org,12/26/1967
Marv,Holliar,mholliariv@cnbc.com,10/16/1979
Wilbert,Jeavons,wjeavonsiw@tumblr.com,6/6/1968
Bear,Rime,brimeix@nasa.gov,10/2/1980
Barrie,Ameer-Beg,bameerbegiy@bravesites.com,11/28/1975
Thalia,Mattheus,tmattheusiz@pagesperso-orange.fr,6/23/2000
Claretta,Poynser,cpoynserj0@uiuc.edu,1/16/1988
Gareth,Curlis,gcurlisj1@printfriendly.com,5/16/1982
Dyna,Pepperd,dpepperdj2@cnet.com,11/27/1980
Janaye,Charnley,jcharnleyj3@utexas.edu,1/6/1976
Jere,Heningam,jheningamj4@rakuten.co.jp,8/24/1969
Eleonore,Stonner,estonnerj5@patch.com,8/10/1984
Arnaldo,Greenland,agreenlandj6@sfgate.com,1/22/1979
Demetre,Cavanaugh,dcavanaughj7@booking.com,9/28/1993
Buddy,Keller,bkellerj8@list-manage.com,8/19/1987
Brinna,Fawcus,bfawcusj9@lycos.com,1/26/1995
Maxwell,Temblett,mtemblettja@bloglovin.com,2/24/1979
Clark,Rain,crainjb@networkadvertising.org,11/14/1977
Lyman,Scrimgeour,lscrimgeourjc@ovh.net,8/19/1991
Kristos,Frontczak,kfrontczakjd@privacy.gov.au,8/30/1976
Lemuel,Shilling,lshillingje@g.co,3/14/1974
Karyl,McKeefry,kmckeefryjf@squarespace.com,7/9/1992
Bianka,Haimes,bhaimesjg@intel.com,7/24/1974
Shamus,Jellico,sjellicojh@imageshack.us,10/26/2000
Paula,O'Hartnedy,pohartnedyji@tinypic.com,6/7/1997
Simone,Vasile,svasilejj@ucla.edu,4/28/1964
Tedman,Brighouse,tbrighousejk@salon.com,3/22/1975
Britni,Sheppey,bsheppeyjl@themeforest.net,1/12/1989
Leanora,Saunderson,lsaundersonjm@howstuffworks.com,4/29/1976
Charlot,Galsworthy,cgalsworthyjn@reverbnation.com,4/8/1976
Tobe,Matysiak,tmatysiakjo@creativecommons.org,1/10/1974
Boote,Scriver,bscriverjp@ted.com,6/6/1987
Orelee,Scotter,oscotterjq@amazon.co.uk,3/17/1966
Jeannette,Tavernor,jtavernorjr@wsj.com,3/29/1996
Angeli,Blest,ablestjs@diigo.com,2/3/1966
Nalani,Gerssam,ngerssamjt@cbc.ca,11/20/1978
Killian,Runnacles,krunnaclesju@godaddy.com,10/5/1988
Brok,Everly,beverlyjv@purevolume.com,10/14/1985
Torin,Edson,tedsonjw@paypal.com,4/10/1993
Adey,Trusslove,atrusslovejx@ihg.com,4/1/1982
Kara-lynn,Pavlovic,kpavlovicjy@china.com.cn,7/27/1978
Neille,Carlaw,ncarlawjz@issuu.com,5/29/1999
Paulie,Pardy,ppardyk0@ustream.tv,11/11/1983
Davidson,Butterfill,dbutterfillk1@alexa.com,3/20/1995
Giusto,Normand,gnormandk2@diigo.com,10/30/1985
Reggy,Trinbey,rtrinbeyk3@sakura.ne.jp,9/15/1981
Athene,Hunston,ahunstonk4@economist.com,12/19/1978
Horacio,Witz,hwitzk5@deviantart.com,12/31/1971
Karilynn,Swiers,kswiersk6@cnet.com,6/14/1972
Shannon,Pinchon,spinchonk7@abc.net.au,8/7/1977
Joleen,Flanaghan,jflanaghank8@infoseek.co.jp,9/25/1985
Lutero,Schonfeld,lschonfeldk9@biblegateway.com,5/21/1987
Fan,Avrahamy,favrahamyka@nationalgeographic.com,12/25/1973
Ulrich,Menzies,umenzieskb@constantcontact.com,1/18/1970
Adler,Dibbe,adibbekc@hud.gov,12/13/1981
Jessee,Camerati,jcameratikd@eepurl.com,1/7/1977
Kelley,Carrier,kcarrierke@ocn.ne.jp,7/30/1990
Salvidor,Livezey,slivezeykf@tripod.com,8/19/1980
Hadleigh,St. John,hstjohnkg@163.com,7/23/1990
Gavrielle,Falloon,gfalloonkh@earthlink.net,7/8/1980
Leticia,Wratten,lwrattenki@cmu.edu,6/29/1994
Wolfy,Signorelli,wsignorellikj@sbwire.com,9/23/1986
Humphrey,Lehon,hlehonkk@ucoz.ru,1/9/1997
Arielle,Leggis,aleggiskl@mac.com,11/9/1987
Wallache,Napier,wnapierkm@biglobe.ne.jp,7/26/1998
Udale,Elles,uelleskn@mayoclinic.com,4/29/1990
Sascha,Pestridge,spestridgeko@newsvine.com,3/20/1964
Kenn,McCloughlin,kmccloughlinkp@msu.edu,1/22/1964
Tedmund,Hundy,thundykq@yellowbook.com,8/28/1999
Sofia,Cypler,scyplerkr@ask.com,7/2/1974
Stanly,Van Saltsberg,svansaltsbergks@rambler.ru,12/24/1981
Frazer,Sherringham,fsherringhamkt@bloglovin.com,8/15/2000
Reggie,Bottby,rbottbyku@tuttocitta.it,1/6/1990
Andee,Cuniam,acuniamkv@thetimes.co.uk,7/27/1965
Cherry,Irons,cironskw@purevolume.com,3/27/1963
Karlotte,Morman,kmormankx@live.com,5/31/1972
Stillmann,Fallen,sfallenky@yahoo.co.jp,6/25/1984
Austin,Allon,aallonkz@mapy.cz,2/13/1994
Tyrus,Occleshaw,toccleshawl0@hubpages.com,12/17/1988
Jaime,Seegar,jseegarl1@people.com.cn,6/7/1982
Virgilio,MacAvaddy,vmacavaddyl2@aol.com,5/28/1990
Nerissa,Pantecost,npantecostl3@imageshack.us,12/4/1980
Annissa,Jirieck,ajirieckl4@networkadvertising.org,9/24/1993
Arvy,Levey,aleveyl5@mayoclinic.com,4/14/1964
Remy,Rattrie,rrattriel6@list-manage.com,9/4/1993
Auguste,Joseph,ajosephl7@npr.org,1/19/1978
Lilias,Micklewicz,lmicklewiczl8@privacy.gov.au,3/30/1978
Van,Arnason,varnasonl9@lycos.com,4/11/1971
Henka,Littell,hlittellla@fastcompany.com,8/23/1999
Leanora,Pybus,lpybuslb@creativecommons.org,11/15/1980
Rudiger,Couche,rcouchelc@wisc.edu,10/13/1968
Ninette,Westrope,nwestropeld@nydailynews.com,2/8/1984
Sapphira,Sharer,ssharerle@slate.com,5/16/1970
Leora,Overstall,loverstalllf@telegraph.co.uk,2/17/1993
Sky,Peers,speerslg@marriott.com,7/24/1973
Andie,Houchen,ahouchenlh@over-blog.com,2/9/1963
Eran,Mc Carrick,emccarrickli@npr.org,2/13/1999
Tarah,Morrison,tmorrisonlj@wired.com,5/19/1967
Casey,Farries,cfarrieslk@blogger.com,1/23/1997
Dillie,Offield,doffieldll@is.gd,8/31/1978
Waverley,Northcott,wnorthcottlm@ustream.tv,4/23/1964
Carissa,Janny,cjannyln@timesonline.co.uk,6/2/1984
Kane,Bootyman,kbootymanlo@spiegel.de,11/9/1963
Gina,Comford,gcomfordlp@amazonaws.com,5/22/1966
Marybeth,Inston,minstonlq@networksolutions.com,3/8/1975
Erskine,Couth,ecouthlr@wp.com,8/30/1972
Osmund,Tewkesberry,otewkesberryls@arstechnica.com,5/16/1970
Gabbie,Danielot,gdanielotlt@youtu.be,2/13/1983
Valina,Anshell,vanshelllu@paginegialle.it,1/31/1963
Forrester,Stanyforth,fstanyforthlv@liveinternet.ru,8/9/1975
Tudor,McConaghy,tmcconaghylw@miitbeian.gov.cn,3/23/1964
Russ,Oby,robylx@studiopress.com,3/15/1977
Orlando,Tanswill,otanswillly@imgur.com,12/31/1999
Pasquale,Waltho,pwaltholz@people.com.cn,4/5/1979
Cecilio,Rolstone,crolstonem0@fc2.com,6/27/1998
Ethelbert,Cant,ecantm1@meetup.com,8/23/1996
Carey,Guillet,cguilletm2@virginia.edu,4/21/1964
Oliver,Liversidge,oliversidgem3@blogtalkradio.com,4/14/1993
Remington,Haddleston,rhaddlestonm4@cdc.gov,12/16/1965
Michale,Buret,mburetm5@netlog.com,2/16/1982
Maribelle,Crummey,mcrummeym6@globo.com,10/26/1992
Kory,Treherne,ktrehernem7@yellowpages.com,1/16/1989
Taylor,Ascraft,tascraftm8@businessinsider.com,4/25/1971
Ax,Douthwaite,adouthwaitem9@eventbrite.com,6/11/1973
Nert,Bedbrough,nbedbroughma@state.tx.us,9/13/1971
Heywood,Vest,hvestmb@umich.edu,6/11/1992
Mel,Mewha,mmewhamc@drupal.org,12/22/1983
Jourdan,Aleveque,jalevequemd@deviantart.com,2/4/1993
Tabbie,Surphliss,tsurphlissme@sina.com.cn,8/23/1993
Lisabeth,Benini,lbeninimf@booking.com,1/30/1964
Lloyd,Ace,lacemg@timesonline.co.uk,11/16/1980
Mattie,Dalliwatr,mdalliwatrmh@cam.ac.uk,9/20/1970
Cathee,Lobe,clobemi@wsj.com,8/22/1964
Tammy,Saywell,tsaywellmj@ucla.edu,9/22/1970
Corbet,Rheubottom,crheubottommk@google.pl,1/1/1964
Corliss,McIlveen,cmcilveenml@weebly.com,5/22/1998
Mariana,Silliman,msillimanmm@nhs.uk,7/9/1991
Ezri,Di Maria,edimariamn@technorati.com,9/18/1983
Carolann,Philipeau,cphilipeaumo@macromedia.com,6/14/1983
Perla,Almey,palmeymp@scribd.com,11/15/1987
Kristina,Trumpeter,ktrumpetermq@slate.com,9/22/1965
Brandtr,Yakushkev,byakushkevmr@cam.ac.uk,9/8/1999
Darya,Soda,dsodams@spiegel.de,10/20/1995
Godiva,Remnant,gremnantmt@g.co,3/4/1968
Donna,Jaslem,djaslemmu@discovery.com,6/6/1977
Eolande,Mitchelmore,emitchelmoremv@ebay.com,12/21/1988
Morganica,McCurley,mmccurleymw@usnews.com,2/9/1981
Dale,Cheesley,dcheesleymx@techcrunch.com,8/5/1988
Patsy,Paunsford,ppaunsfordmy@pen.io,10/21/1981
Tripp,Lockner,tlocknermz@mysql.com,1/15/1967
Anne,Kerford,akerfordn0@huffingtonpost.com,1/8/1994
Zonnya,Gillett,zgillettn1@cdc.gov,4/1/1980
Erik,Glastonbury,eglastonburyn2@ocn.ne.jp,9/28/1976
Allis,Krysiak,akrysiakn3@sbwire.com,4/29/1972
Emmalyn,Scyone,escyonen4@independent.co.uk,2/13/1982
Desiree,Reville,drevillen5@com.com,9/4/1981
Davy,Kirke,dkirken6@earthlink.net,8/27/1971
Nananne,Divine,ndivinen7@bravesites.com,3/2/1968
Renae,Saffle,rsafflen8@paginegialle.it,11/16/1994
Cherilyn,Felstead,cfelsteadn9@indiatimes.com,3/31/1969
Suzette,Foystone,sfoystonena@nsw.gov.au,9/15/1983
Lionello,Caulcutt,lcaulcuttnb@utexas.edu,6/20/1975
Grace,Hungerford,ghungerfordnc@ameblo.jp,3/15/1995
Vanni,Rubel,vrubelnd@indiatimes.com,1/19/1985
Linnet,Giacopelo,lgiacopelone@bandcamp.com,3/15/1976
Percy,Degoix,pdegoixnf@va.gov,10/6/1969
Roby,Egiloff,regiloffng@sohu.com,7/19/1977
Pauline,Bouskill,pbouskillnh@wunderground.com,8/23/1982
Willey,Eicheler,weichelerni@bigcartel.com,1/9/1989
Lorianne,Barde,lbardenj@earthlink.net,6/27/1987
Phillipe,Formilli,pformillink@xing.com,5/22/1974
Silvanus,Glayzer,sglayzernl@woothemes.com,12/2/1974
Vernor,Aidler,vaidlernm@slashdot.org,4/12/1994
Jazmin,Few,jfewnn@hostgator.com,5/23/1964
Salomi,Carleton,scarletonno@e-recht24.de,9/30/1974
Shepperd,Warbeys,swarbeysnp@google.it,2/1/1988
Dante,Lorand,dlorandnq@mozilla.org,10/10/1972
Aliza,Witherup,awitherupnr@nhs.uk,1/10/1982
Mario,Milbank,mmilbankns@mapquest.com,10/30/1999
Anabal,De Vuyst,adevuystnt@sfgate.com,7/24/1978
Ikey,Dilliston,idillistonnu@si.edu,12/4/1986
Muriel,Aharoni,maharoninv@delicious.com,7/5/1991
Mirabelle,Trappe,mtrappenw@multiply.com,1/12/1980
Percy,Learoyd,plearoydnx@istockphoto.com,11/22/1996
Bondy,Beardsell,bbeardsellny@nps.gov,3/8/1982
Kean,Crigin,kcriginnz@senate.gov,3/17/1999
Celle,Keston,ckestono0@dot.gov,6/26/1988
Lorrie,Tranfield,ltranfieldo1@paypal.com,6/19/1986
Christen,Philips,cphilipso2@gmpg.org,7/29/1970
Stinky,Grindall,sgrindallo3@moonfruit.com,12/6/1999
Kaleb,Caslake,kcaslakeo4@hud.gov,9/15/1976
Coletta,Absolom,cabsolomo5@over-blog.com,10/19/1999
Sayre,Casa,scasao6@flavors.me,3/14/1979
Ford,Petford,fpetfordo7@independent.co.uk,1/31/1979
Geralda,Wordington,gwordingtono8@csmonitor.com,9/29/1996
Olivia,Tissiman,otissimano9@discovery.com,11/25/1972
Marijn,Hayward,mhaywardoa@gizmodo.com,12/6/1964
Shae,Gorges,sgorgesob@technorati.com,12/22/1983
Tamra,Jizhaki,tjizhakioc@amazon.com,6/15/1974
Adrian,Folca,afolcaod@geocities.jp,10/16/1991
Ursala,Ardley,uardleyoe@about.me,6/23/1979
Garold,Ferrario,gferrarioof@cbc.ca,4/10/1964
Greer,Etheridge,getheridgeog@nbcnews.com,12/20/1988
Honoria,Coslitt,hcoslittoh@jugem.jp,1/3/1970
Christos,Trusler,ctrusleroi@hibu.com,7/10/1982
Hannah,Stockwell,hstockwelloj@xrea.com,5/21/1973
Rhodia,Gelderd,rgelderdok@flavors.me,8/7/1969
Nalani,Antoniat,nantoniatol@youtu.be,9/10/1968
Phillipe,Cornil,pcornilom@wired.com,10/13/1983
Roanne,Mahony,rmahonyon@wikia.com,2/14/1986
Antonie,Greves,agrevesoo@craigslist.org,2/2/1979
Shaughn,Filler,sfillerop@chicagotribune.com,8/6/1973
Kerr,Presnail,kpresnailoq@163.com,11/6/1987
Dottie,Snelle,dsnelleor@people.com.cn,10/27/1973
Cooper,Simonitto,csimonittoos@twitter.com,7/24/1993
Cirilo,Tarn,ctarnot@theatlantic.com,3/28/1992
Diane,Mullen,dmullenou@huffingtonpost.com,5/17/1965
Dione,Spawell,dspawellov@wiley.com,5/22/1977
Betti,Stradling,bstradlingow@google.de,1/17/2000
Benjie,Camber,bcamberox@facebook.com,7/19/1970
Laurella,Coyne,lcoyneoy@wikimedia.org,12/4/1986
Olly,Standidge,ostandidgeoz@altervista.org,12/11/1967
Kim,Reina,kreinap0@tinypic.com,1/11/1963
Casar,Ebertz,cebertzp1@examiner.com,12/8/1972
Aldon,Laming,alamingp2@webmd.com,12/15/1983
Hazel,Winchurst,hwinchurstp3@opera.com,8/10/1965
Ambros,Raden,aradenp4@wisc.edu,3/24/1966
Ber,Rickerd,brickerdp5@statcounter.com,10/17/1977
Morgana,Eaddy,meaddyp6@reddit.com,5/10/1978
Maddi,Myhill,mmyhillp7@acquirethisname.com,10/24/2000
Lula,Agglio,laggliop8@4shared.com,2/9/1981
Gabriellia,Forre,gforrep9@huffingtonpost.com,12/2/2000
Donielle,Keele,dkeelepa@plala.or.jp,2/18/1967
Bobinette,Brodway,bbrodwaypb@nydailynews.com,12/27/1968
Christie,Bignal,cbignalpc@oaic.gov.au,9/13/1994
Kelsy,Cranke,kcrankepd@yelp.com,12/29/1966
Becca,Althorpe,balthorpepe@moonfruit.com,10/31/1965
Farrand,Kieran,fkieranpf@phpbb.com,7/21/1977
Lisle,Cooke,lcookepg@earthlink.net,6/29/1965
Emmit,Kirke,ekirkeph@about.me,2/23/1987
Noni,Bianco,nbiancopi@last.fm,5/20/1982
Roxy,Balentyne,rbalentynepj@amazonaws.com,5/28/1975
Theobald,Bielfeld,tbielfeldpk@vimeo.com,12/20/1997
Mendie,Monson,mmonsonpl@dot.gov,5/10/1976
Angelika,Galier,agalierpm@exblog.jp,11/16/1969
Aldous,Elderfield,aelderfieldpn@wisc.edu,6/5/1992
Mickie,Hearley,mhearleypo@marketwatch.com,7/19/1974
Thatcher,Tobias,ttobiaspp@howstuffworks.com,12/20/1970
Maren,Janse,mjansepq@yale.edu,1/20/1971
Michelle,Sigfrid,msigfridpr@zdnet.com,11/26/1974
Nani,Bonellie,nbonellieps@ted.com,2/20/1971
Alane,Weyman,aweymanpt@bandcamp.com,5/24/1986
Salvador,Beddie,sbeddiepu@patch.com,6/6/1969
Virgie,Fassan,vfassanpv@illinois.edu,9/21/1979
Sallie,Moakson,smoaksonpw@storify.com,4/9/1967
Emlyn,Edgeler,eedgelerpx@examiner.com,7/14/1972
Dian,O'Hdirscoll,dohdirscollpy@amazon.com,11/16/1993
Caprice,Sandes,csandespz@wikispaces.com,2/1/1991
Sander,Rosas,srosasq0@intel.com,9/12/1999
Roderich,Clapshaw,rclapshawq1@usgs.gov,5/7/1999
Twila,St. Quintin,tstquintinq2@alexa.com,10/9/1965
King,Caverhill,kcaverhillq3@discovery.com,11/23/1983
Elsie,Kinney,ekinneyq4@mac.com,12/14/1970
Read,Gallehawk,rgallehawkq5@paypal.com,5/28/1987
Klement,Langton,klangtonq6@51.la,8/5/1969
Xylia,Emlen,xemlenq7@clickbank.net,8/14/1990
Tyrone,Hearon,thearonq8@cornell.edu,3/10/1982
Jacquetta,Beaglehole,jbeagleholeq9@china.com.cn,12/17/1982
Kandace,Oguz,koguzqa@shinystat.com,3/5/1973
Wren,Millsap,wmillsapqb@istockphoto.com,1/8/1985
Dode,Cargo,dcargoqc@youtube.com,11/15/1969
Modestine,Kubatsch,mkubatschqd@wikia.com,5/11/1967
Margarette,Breedy,mbreedyqe@technorati.com,2/29/1984
Lenard,Dunbleton,ldunbletonqf@google.es,7/25/2000
Roderigo,Bonehill,rbonehillqg@biglobe.ne.jp,3/18/1988
Halie,Leftridge,hleftridgeqh@kickstarter.com,3/28/1971
Poppy,Thebe,pthebeqi@techcrunch.com,7/8/1970
Teresa,Cranna,tcrannaqj@macromedia.com,7/4/1982
Nanon,Cullabine,ncullabineqk@huffingtonpost.com,12/15/1978
Zita,Martinie,zmartinieql@topsy.com,12/18/1976
Dennie,Kleinberer,dkleinbererqm@weebly.com,2/22/1991
Henrieta,Tuckett,htuckettqn@sourceforge.net,9/8/1979
Brandyn,Jewel,bjewelqo@soup.io,4/1/1998
Jewell,Le Prevost,jleprevostqp@list-manage.com,1/4/1967
Reagen,Boase,rboaseqq@businesswire.com,6/18/1965
Valenka,Cornau,vcornauqr@mapy.cz,1/2/1987
Aggy,Rowes,arowesqs@canalblog.com,10/9/1975
Corinne,Katzmann,ckatzmannqt@gravatar.com,1/12/1987
Bamby,Goggins,bgogginsqu@elpais.com,7/13/1979
Grantham,Antoni,gantoniqv@themeforest.net,8/8/1996
Arlana,Awin,aawinqw@twitpic.com,7/22/1966
Guillemette,Ben,gbenqx@time.com,7/31/1994
Katrinka,O' Mara,komaraqy@biglobe.ne.jp,5/4/1988
Eolande,Marcam,emarcamqz@simplemachines.org,5/23/1999
Phyllys,Smitherham,psmitherhamr0@live.com,3/24/1978
Carol,Titcom,ctitcomr1@hostgator.com,8/9/1967
Lorrin,Siebart,lsiebartr2@sbwire.com,1/8/1973
Nickola,McClements,nmcclementsr3@berkeley.edu,12/16/1968
Hakeem,Du Hamel,hduhamelr4@si.edu,2/22/1970
Tito,Gossart,tgossartr5@hatena.ne.jp,1/28/1976
Linoel,Hurworth,lhurworthr6@joomla.org,8/30/1991
Saundra,Barnewelle,sbarneweller7@pinterest.com,3/21/1963
Lorie,Orneblow,lorneblowr8@uol.com.br,4/22/1974
Ilsa,Cocking,icockingr9@skype.com,3/13/1989
Laney,Soonhouse,lsoonhousera@cafepress.com,8/26/1968
Kaylil,Shovelbottom,kshovelbottomrb@elpais.com,5/26/1997
Sylvan,Valder,svalderrc@hhs.gov,1/5/1980
Konstance,Vian,kvianrd@wikia.com,12/11/1981
Hyacinthia,Writer,hwriterre@so-net.ne.jp,5/30/1982
Orelle,Reuter,oreuterrf@lulu.com,5/26/1986
Aldous,Eagleston,aeaglestonrg@spiegel.de,7/19/1995
Isiahi,Hurlin,ihurlinrh@umich.edu,2/10/1965
Xever,Tirrey,xtirreyri@rakuten.co.jp,6/7/1966
Glendon,Rawlcliffe,grawlclifferj@theguardian.com,8/27/1964
Jackqueline,Ancell,jancellrk@hibu.com,6/24/1968
Em,Kopec,ekopecrl@oaic.gov.au,7/25/1980
Lory,Burvill,lburvillrm@loc.gov,8/28/1975
Lou,Abbiss,labbissrn@opensource.org,8/13/1972
Gradeigh,McGauhy,gmcgauhyro@yolasite.com,12/4/1975
Constanta,Sutherby,csutherbyrp@aol.com,4/18/1985
Onofredo,Grubbe,ogrubberq@edublogs.org,12/23/1989
Lorry,Ropcke,lropckerr@abc.net.au,11/1/1980
